set,state,viewport,before_absolute,after_absolute,before_bundled,after_bundled
pairs,login,desktop,/home/boh/react-native-dev/bachelor-thesis/.worktrees/t_869afac7/dashboard/qa/layout-corrections/before/login-desktop.png,/home/boh/react-native-dev/bachelor-thesis/.worktrees/t_004b1565/dashboard/qa/layout-corrections/after/login-desktop.png,images/pairs/before/login-desktop.png,images/pairs/after/login-desktop.png
pairs,admin-overview,desktop,/home/boh/react-native-dev/bachelor-thesis/.worktrees/t_869afac7/dashboard/qa/layout-corrections/before/admin-overview-desktop.png,/home/boh/react-native-dev/bachelor-thesis/.worktrees/t_004b1565/dashboard/qa/layout-corrections/after/admin-overview-desktop.png,images/pairs/before/admin-overview-desktop.png,images/pairs/after/admin-overview-desktop.png
pairs,admin-users,desktop,/home/boh/react-native-dev/bachelor-thesis/.worktrees/t_869afac7/dashboard/qa/layout-corrections/before/admin-users-desktop.png,/home/boh/react-native-dev/bachelor-thesis/.worktrees/t_004b1565/dashboard/qa/layout-corrections/after/admin-users-desktop.png,images/pairs/before/admin-users-desktop.png,images/pairs/after/admin-users-desktop.png
pairs,admin-startups,desktop,/home/boh/react-native-dev/bachelor-thesis/.worktrees/t_869afac7/dashboard/qa/layout-corrections/before/admin-startups-desktop.png,/home/boh/react-native-dev/bachelor-thesis/.worktrees/t_004b1565/dashboard/qa/layout-corrections/after/admin-startups-desktop.png,images/pairs/before/admin-startups-desktop.png,images/pairs/after/admin-startups-desktop.png
pairs,admin-funds,desktop,/home/boh/react-native-dev/bachelor-thesis/.worktrees/t_869afac7/dashboard/qa/layout-corrections/before/admin-funds-desktop.png,/home/boh/react-native-dev/bachelor-thesis/.worktrees/t_004b1565/dashboard/qa/layout-corrections/after/admin-funds-desktop.png,images/pairs/before/admin-funds-desktop.png,images/pairs/after/admin-funds-desktop.png
pairs,startup-overview,desktop,/home/boh/react-native-dev/bachelor-thesis/.worktrees/t_869afac7/dashboard/qa/layout-corrections/before/startup-overview-desktop.png,/home/boh/react-native-dev/bachelor-thesis/.worktrees/t_004b1565/dashboard/qa/layout-corrections/after/startup-overview-desktop.png,images/pairs/before/startup-overview-desktop.png,images/pairs/after/startup-overview-desktop.png
pairs,startup-submit,desktop,/home/boh/react-native-dev/bachelor-thesis/.worktrees/t_869afac7/dashboard/qa/layout-corrections/before/startup-submit-desktop.png,/home/boh/react-native-dev/bachelor-thesis/.worktrees/t_004b1565/dashboard/qa/layout-corrections/after/startup-submit-desktop.png,images/pairs/before/startup-submit-desktop.png,images/pairs/after/startup-submit-desktop.png
pairs,fund-portfolio,desktop,/home/boh/react-native-dev/bachelor-thesis/.worktrees/t_869afac7/dashboard/qa/layout-corrections/before/fund-portfolio-desktop.png,/home/boh/react-native-dev/bachelor-thesis/.worktrees/t_004b1565/dashboard/qa/layout-corrections/after/fund-portfolio-desktop.png,images/pairs/before/fund-portfolio-desktop.png,images/pairs/after/fund-portfolio-desktop.png
pairs,fund-detail,desktop,/home/boh/react-native-dev/bachelor-thesis/.worktrees/t_869afac7/dashboard/qa/layout-corrections/before/fund-detail-desktop.png,/home/boh/react-native-dev/bachelor-thesis/.worktrees/t_004b1565/dashboard/qa/layout-corrections/after/fund-detail-desktop.png,images/pairs/before/fund-detail-desktop.png,images/pairs/after/fund-detail-desktop.png
pairs,fund-founders,desktop,/home/boh/react-native-dev/bachelor-thesis/.worktrees/t_869afac7/dashboard/qa/layout-corrections/before/fund-founders-desktop.png,/home/boh/react-native-dev/bachelor-thesis/.worktrees/t_004b1565/dashboard/qa/layout-corrections/after/fund-founders-desktop.png,images/pairs/before/fund-founders-desktop.png,images/pairs/after/fund-founders-desktop.png
pairs,fund-rating,desktop,/home/boh/react-native-dev/bachelor-thesis/.worktrees/t_869afac7/dashboard/qa/layout-corrections/before/fund-rating-desktop.png,/home/boh/react-native-dev/bachelor-thesis/.worktrees/t_004b1565/dashboard/qa/layout-corrections/after/fund-rating-desktop.png,images/pairs/before/fund-rating-desktop.png,images/pairs/after/fund-rating-desktop.png
pairs,stakeholder-portfolio,desktop,/home/boh/react-native-dev/bachelor-thesis/.worktrees/t_869afac7/dashboard/qa/layout-corrections/before/stakeholder-portfolio-desktop.png,/home/boh/react-native-dev/bachelor-thesis/.worktrees/t_004b1565/dashboard/qa/layout-corrections/after/stakeholder-portfolio-desktop.png,images/pairs/before/stakeholder-portfolio-desktop.png,images/pairs/after/stakeholder-portfolio-desktop.png
pairs,emptyfund-portfolio,desktop,/home/boh/react-native-dev/bachelor-thesis/.worktrees/t_869afac7/dashboard/qa/layout-corrections/before/emptyfund-portfolio-desktop.png,/home/boh/react-native-dev/bachelor-thesis/.worktrees/t_004b1565/dashboard/qa/layout-corrections/after/emptyfund-portfolio-desktop.png,images/pairs/before/emptyfund-portfolio-desktop.png,images/pairs/after/emptyfund-portfolio-desktop.png
pairs,onboarding-startup,desktop,/home/boh/react-native-dev/bachelor-thesis/.worktrees/t_869afac7/dashboard/qa/layout-corrections/before/onboarding-startup-desktop.png,/home/boh/react-native-dev/bachelor-thesis/.worktrees/t_004b1565/dashboard/qa/layout-corrections/after/onboarding-startup-desktop.png,images/pairs/before/onboarding-startup-desktop.png,images/pairs/after/onboarding-startup-desktop.png
pairs,onboarding-product,desktop,/home/boh/react-native-dev/bachelor-thesis/.worktrees/t_869afac7/dashboard/qa/layout-corrections/before/onboarding-product-desktop.png,/home/boh/react-native-dev/bachelor-thesis/.worktrees/t_004b1565/dashboard/qa/layout-corrections/after/onboarding-product-desktop.png,images/pairs/before/onboarding-product-desktop.png,images/pairs/after/onboarding-product-desktop.png
pairs,onboarding-questionnaire,desktop,/home/boh/react-native-dev/bachelor-thesis/.worktrees/t_869afac7/dashboard/qa/layout-corrections/before/onboarding-questionnaire-desktop.png,/home/boh/react-native-dev/bachelor-thesis/.worktrees/t_004b1565/dashboard/qa/layout-corrections/after/onboarding-questionnaire-desktop.png,images/pairs/before/onboarding-questionnaire-desktop.png,images/pairs/after/onboarding-questionnaire-desktop.png
pairs,onboarding-track-record,desktop,/home/boh/react-native-dev/bachelor-thesis/.worktrees/t_869afac7/dashboard/qa/layout-corrections/before/onboarding-track-record-desktop.png,/home/boh/react-native-dev/bachelor-thesis/.worktrees/t_004b1565/dashboard/qa/layout-corrections/after/onboarding-track-record-desktop.png,images/pairs/before/onboarding-track-record-desktop.png,images/pairs/after/onboarding-track-record-desktop.png
pairs,admin-overview-nav-toggle,desktop,/home/boh/react-native-dev/bachelor-thesis/.worktrees/t_869afac7/dashboard/qa/layout-corrections/before/admin-overview-nav-toggle-desktop.png,/home/boh/react-native-dev/bachelor-thesis/.worktrees/t_004b1565/dashboard/qa/layout-corrections/after/admin-overview-nav-toggle-desktop.png,images/pairs/before/admin-overview-nav-toggle-desktop.png,images/pairs/after/admin-overview-nav-toggle-desktop.png
pairs,admin-users-nav-toggle,desktop,/home/boh/react-native-dev/bachelor-thesis/.worktrees/t_869afac7/dashboard/qa/layout-corrections/before/admin-users-nav-toggle-desktop.png,/home/boh/react-native-dev/bachelor-thesis/.worktrees/t_004b1565/dashboard/qa/layout-corrections/after/admin-users-nav-toggle-desktop.png,images/pairs/before/admin-users-nav-toggle-desktop.png,images/pairs/after/admin-users-nav-toggle-desktop.png
pairs,admin-startups-nav-toggle,desktop,/home/boh/react-native-dev/bachelor-thesis/.worktrees/t_869afac7/dashboard/qa/layout-corrections/before/admin-startups-nav-toggle-desktop.png,/home/boh/react-native-dev/bachelor-thesis/.worktrees/t_004b1565/dashboard/qa/layout-corrections/after/admin-startups-nav-toggle-desktop.png,images/pairs/before/admin-startups-nav-toggle-desktop.png,images/pairs/after/admin-startups-nav-toggle-desktop.png
pairs,admin-funds-nav-toggle,desktop,/home/boh/react-native-dev/bachelor-thesis/.worktrees/t_869afac7/dashboard/qa/layout-corrections/before/admin-funds-nav-toggle-desktop.png,/home/boh/react-native-dev/bachelor-thesis/.worktrees/t_004b1565/dashboard/qa/layout-corrections/after/admin-funds-nav-toggle-desktop.png,images/pairs/before/admin-funds-nav-toggle-desktop.png,images/pairs/after/admin-funds-nav-toggle-desktop.png
pairs,startup-overview-nav-toggle,desktop,/home/boh/react-native-dev/bachelor-thesis/.worktrees/t_869afac7/dashboard/qa/layout-corrections/before/startup-overview-nav-toggle-desktop.png,/home/boh/react-native-dev/bachelor-thesis/.worktrees/t_004b1565/dashboard/qa/layout-corrections/after/startup-overview-nav-toggle-desktop.png,images/pairs/before/startup-overview-nav-toggle-desktop.png,images/pairs/after/startup-overview-nav-toggle-desktop.png
pairs,startup-submit-nav-toggle,desktop,/home/boh/react-native-dev/bachelor-thesis/.worktrees/t_869afac7/dashboard/qa/layout-corrections/before/startup-submit-nav-toggle-desktop.png,/home/boh/react-native-dev/bachelor-thesis/.worktrees/t_004b1565/dashboard/qa/layout-corrections/after/startup-submit-nav-toggle-desktop.png,images/pairs/before/startup-submit-nav-toggle-desktop.png,images/pairs/after/startup-submit-nav-toggle-desktop.png
pairs,fund-portfolio-nav-toggle,desktop,/home/boh/react-native-dev/bachelor-thesis/.worktrees/t_869afac7/dashboard/qa/layout-corrections/before/fund-portfolio-nav-toggle-desktop.png,/home/boh/react-native-dev/bachelor-thesis/.worktrees/t_004b1565/dashboard/qa/layout-corrections/after/fund-portfolio-nav-toggle-desktop.png,images/pairs/before/fund-portfolio-nav-toggle-desktop.png,images/pairs/after/fund-portfolio-nav-toggle-desktop.png
pairs,fund-detail-nav-toggle,desktop,/home/boh/react-native-dev/bachelor-thesis/.worktrees/t_869afac7/dashboard/qa/layout-corrections/before/fund-detail-nav-toggle-desktop.png,/home/boh/react-native-dev/bachelor-thesis/.worktrees/t_004b1565/dashboard/qa/layout-corrections/after/fund-detail-nav-toggle-desktop.png,images/pairs/before/fund-detail-nav-toggle-desktop.png,images/pairs/after/fund-detail-nav-toggle-desktop.png
pairs,fund-founders-nav-toggle,desktop,/home/boh/react-native-dev/bachelor-thesis/.worktrees/t_869afac7/dashboard/qa/layout-corrections/before/fund-founders-nav-toggle-desktop.png,/home/boh/react-native-dev/bachelor-thesis/.worktrees/t_004b1565/dashboard/qa/layout-corrections/after/fund-founders-nav-toggle-desktop.png,images/pairs/before/fund-founders-nav-toggle-desktop.png,images/pairs/after/fund-founders-nav-toggle-desktop.png
pairs,fund-rating-nav-toggle,desktop,/home/boh/react-native-dev/bachelor-thesis/.worktrees/t_869afac7/dashboard/qa/layout-corrections/before/fund-rating-nav-toggle-desktop.png,/home/boh/react-native-dev/bachelor-thesis/.worktrees/t_004b1565/dashboard/qa/layout-corrections/after/fund-rating-nav-toggle-desktop.png,images/pairs/before/fund-rating-nav-toggle-desktop.png,images/pairs/after/fund-rating-nav-toggle-desktop.png
pairs,stakeholder-portfolio-nav-toggle,desktop,/home/boh/react-native-dev/bachelor-thesis/.worktrees/t_869afac7/dashboard/qa/layout-corrections/before/stakeholder-portfolio-nav-toggle-desktop.png,/home/boh/react-native-dev/bachelor-thesis/.worktrees/t_004b1565/dashboard/qa/layout-corrections/after/stakeholder-portfolio-nav-toggle-desktop.png,images/pairs/before/stakeholder-portfolio-nav-toggle-desktop.png,images/pairs/after/stakeholder-portfolio-nav-toggle-desktop.png
pairs,emptyfund-portfolio-nav-toggle,desktop,/home/boh/react-native-dev/bachelor-thesis/.worktrees/t_869afac7/dashboard/qa/layout-corrections/before/emptyfund-portfolio-nav-toggle-desktop.png,/home/boh/react-native-dev/bachelor-thesis/.worktrees/t_004b1565/dashboard/qa/layout-corrections/after/emptyfund-portfolio-nav-toggle-desktop.png,images/pairs/before/emptyfund-portfolio-nav-toggle-desktop.png,images/pairs/after/emptyfund-portfolio-nav-toggle-desktop.png
pairs,onboarding-startup-field-focus,desktop,/home/boh/react-native-dev/bachelor-thesis/.worktrees/t_869afac7/dashboard/qa/layout-corrections/before/onboarding-startup-field-focus-desktop.png,/home/boh/react-native-dev/bachelor-thesis/.worktrees/t_004b1565/dashboard/qa/layout-corrections/after/onboarding-startup-field-focus-desktop.png,images/pairs/before/onboarding-startup-field-focus-desktop.png,images/pairs/after/onboarding-startup-field-focus-desktop.png
pairs,onboarding-product-field-focus,desktop,/home/boh/react-native-dev/bachelor-thesis/.worktrees/t_869afac7/dashboard/qa/layout-corrections/before/onboarding-product-field-focus-desktop.png,/home/boh/react-native-dev/bachelor-thesis/.worktrees/t_004b1565/dashboard/qa/layout-corrections/after/onboarding-product-field-focus-desktop.png,images/pairs/before/onboarding-product-field-focus-desktop.png,images/pairs/after/onboarding-product-field-focus-desktop.png
pairs,onboarding-questionnaire-field-focus,desktop,/home/boh/react-native-dev/bachelor-thesis/.worktrees/t_869afac7/dashboard/qa/layout-corrections/before/onboarding-questionnaire-field-focus-desktop.png,/home/boh/react-native-dev/bachelor-thesis/.worktrees/t_004b1565/dashboard/qa/layout-corrections/after/onboarding-questionnaire-field-focus-desktop.png,images/pairs/before/onboarding-questionnaire-field-focus-desktop.png,images/pairs/after/onboarding-questionnaire-field-focus-desktop.png
pairs,onboarding-track-record-field-focus,desktop,/home/boh/react-native-dev/bachelor-thesis/.worktrees/t_869afac7/dashboard/qa/layout-corrections/before/onboarding-track-record-field-focus-desktop.png,/home/boh/react-native-dev/bachelor-thesis/.worktrees/t_004b1565/dashboard/qa/layout-corrections/after/onboarding-track-record-field-focus-desktop.png,images/pairs/before/onboarding-track-record-field-focus-desktop.png,images/pairs/after/onboarding-track-record-field-focus-desktop.png
pairs,startup-gantt-week,desktop,/home/boh/react-native-dev/bachelor-thesis/.worktrees/t_869afac7/dashboard/qa/layout-corrections/before/startup-gantt-week-desktop.png,/home/boh/react-native-dev/bachelor-thesis/.worktrees/t_004b1565/dashboard/qa/layout-corrections/after/startup-gantt-week-desktop.png,images/pairs/before/startup-gantt-week-desktop.png,images/pairs/after/startup-gantt-week-desktop.png
pairs,startup-gantt-month,desktop,/home/boh/react-native-dev/bachelor-thesis/.worktrees/t_869afac7/dashboard/qa/layout-corrections/before/startup-gantt-month-desktop.png,/home/boh/react-native-dev/bachelor-thesis/.worktrees/t_004b1565/dashboard/qa/layout-corrections/after/startup-gantt-month-desktop.png,images/pairs/before/startup-gantt-month-desktop.png,images/pairs/after/startup-gantt-month-desktop.png
pairs,startup-gantt-year,desktop,/home/boh/react-native-dev/bachelor-thesis/.worktrees/t_869afac7/dashboard/qa/layout-corrections/before/startup-gantt-year-desktop.png,/home/boh/react-native-dev/bachelor-thesis/.worktrees/t_004b1565/dashboard/qa/layout-corrections/after/startup-gantt-year-desktop.png,images/pairs/before/startup-gantt-year-desktop.png,images/pairs/after/startup-gantt-year-desktop.png
pairs,fund-gantt-week,desktop,/home/boh/react-native-dev/bachelor-thesis/.worktrees/t_869afac7/dashboard/qa/layout-corrections/before/fund-gantt-week-desktop.png,/home/boh/react-native-dev/bachelor-thesis/.worktrees/t_004b1565/dashboard/qa/layout-corrections/after/fund-gantt-week-desktop.png,images/pairs/before/fund-gantt-week-desktop.png,images/pairs/after/fund-gantt-week-desktop.png
pairs,fund-gantt-month,desktop,/home/boh/react-native-dev/bachelor-thesis/.worktrees/t_869afac7/dashboard/qa/layout-corrections/before/fund-gantt-month-desktop.png,/home/boh/react-native-dev/bachelor-thesis/.worktrees/t_004b1565/dashboard/qa/layout-corrections/after/fund-gantt-month-desktop.png,images/pairs/before/fund-gantt-month-desktop.png,images/pairs/after/fund-gantt-month-desktop.png
pairs,fund-gantt-year,desktop,/home/boh/react-native-dev/bachelor-thesis/.worktrees/t_869afac7/dashboard/qa/layout-corrections/before/fund-gantt-year-desktop.png,/home/boh/react-native-dev/bachelor-thesis/.worktrees/t_004b1565/dashboard/qa/layout-corrections/after/fund-gantt-year-desktop.png,images/pairs/before/fund-gantt-year-desktop.png,images/pairs/after/fund-gantt-year-desktop.png
pairs,fund-patent-detail,desktop,/home/boh/react-native-dev/bachelor-thesis/.worktrees/t_869afac7/dashboard/qa/layout-corrections/before/fund-patent-detail-desktop.png,/home/boh/react-native-dev/bachelor-thesis/.worktrees/t_004b1565/dashboard/qa/layout-corrections/after/fund-patent-detail-desktop.png,images/pairs/before/fund-patent-detail-desktop.png,images/pairs/after/fund-patent-detail-desktop.png
pairs,startup-technology-edit,desktop,/home/boh/react-native-dev/bachelor-thesis/.worktrees/t_869afac7/dashboard/qa/layout-corrections/before/startup-technology-edit-desktop.png,/home/boh/react-native-dev/bachelor-thesis/.worktrees/t_004b1565/dashboard/qa/layout-corrections/after/startup-technology-edit-desktop.png,images/pairs/before/startup-technology-edit-desktop.png,images/pairs/after/startup-technology-edit-desktop.png
pairs,startup-submit-technology,desktop,/home/boh/react-native-dev/bachelor-thesis/.worktrees/t_869afac7/dashboard/qa/layout-corrections/before/startup-submit-technology-desktop.png,/home/boh/react-native-dev/bachelor-thesis/.worktrees/t_004b1565/dashboard/qa/layout-corrections/after/startup-submit-technology-desktop.png,images/pairs/before/startup-submit-technology-desktop.png,images/pairs/after/startup-submit-technology-desktop.png
pairs,startup-submit-investor,desktop,/home/boh/react-native-dev/bachelor-thesis/.worktrees/t_869afac7/dashboard/qa/layout-corrections/before/startup-submit-investor-desktop.png,/home/boh/react-native-dev/bachelor-thesis/.worktrees/t_004b1565/dashboard/qa/layout-corrections/after/startup-submit-investor-desktop.png,images/pairs/before/startup-submit-investor-desktop.png,images/pairs/after/startup-submit-investor-desktop.png
pairs,startup-submit-milestone,desktop,/home/boh/react-native-dev/bachelor-thesis/.worktrees/t_869afac7/dashboard/qa/layout-corrections/before/startup-submit-milestone-desktop.png,/home/boh/react-native-dev/bachelor-thesis/.worktrees/t_004b1565/dashboard/qa/layout-corrections/after/startup-submit-milestone-desktop.png,images/pairs/before/startup-submit-milestone-desktop.png,images/pairs/after/startup-submit-milestone-desktop.png
pairs,startup-submit-investment-round,desktop,/home/boh/react-native-dev/bachelor-thesis/.worktrees/t_869afac7/dashboard/qa/layout-corrections/before/startup-submit-investment-round-desktop.png,/home/boh/react-native-dev/bachelor-thesis/.worktrees/t_004b1565/dashboard/qa/layout-corrections/after/startup-submit-investment-round-desktop.png,images/pairs/before/startup-submit-investment-round-desktop.png,images/pairs/after/startup-submit-investment-round-desktop.png
pairs,startup-submit-new-patent,desktop,/home/boh/react-native-dev/bachelor-thesis/.worktrees/t_869afac7/dashboard/qa/layout-corrections/before/startup-submit-new-patent-desktop.png,/home/boh/react-native-dev/bachelor-thesis/.worktrees/t_004b1565/dashboard/qa/layout-corrections/after/startup-submit-new-patent-desktop.png,images/pairs/before/startup-submit-new-patent-desktop.png,images/pairs/after/startup-submit-new-patent-desktop.png
pairs,startup-submit-patent-update,desktop,/home/boh/react-native-dev/bachelor-thesis/.worktrees/t_869afac7/dashboard/qa/layout-corrections/before/startup-submit-patent-update-desktop.png,/home/boh/react-native-dev/bachelor-thesis/.worktrees/t_004b1565/dashboard/qa/layout-corrections/after/startup-submit-patent-update-desktop.png,images/pairs/before/startup-submit-patent-update-desktop.png,images/pairs/after/startup-submit-patent-update-desktop.png
pairs,startup-submit-patent-cancel,desktop,/home/boh/react-native-dev/bachelor-thesis/.worktrees/t_869afac7/dashboard/qa/layout-corrections/before/startup-submit-patent-cancel-desktop.png,/home/boh/react-native-dev/bachelor-thesis/.worktrees/t_004b1565/dashboard/qa/layout-corrections/after/startup-submit-patent-cancel-desktop.png,images/pairs/before/startup-submit-patent-cancel-desktop.png,images/pairs/after/startup-submit-patent-cancel-desktop.png
pairs,login-focus,desktop,/home/boh/react-native-dev/bachelor-thesis/.worktrees/t_869afac7/dashboard/qa/layout-corrections/before/login-focus-desktop.png,/home/boh/react-native-dev/bachelor-thesis/.worktrees/t_004b1565/dashboard/qa/layout-corrections/after/login-focus-desktop.png,images/pairs/before/login-focus-desktop.png,images/pairs/after/login-focus-desktop.png
pairs,login-invalid,desktop,/home/boh/react-native-dev/bachelor-thesis/.worktrees/t_869afac7/dashboard/qa/layout-corrections/before/login-invalid-desktop.png,/home/boh/react-native-dev/bachelor-thesis/.worktrees/t_004b1565/dashboard/qa/layout-corrections/after/login-invalid-desktop.png,images/pairs/before/login-invalid-desktop.png,images/pairs/after/login-invalid-desktop.png
pairs,login-error,desktop,/home/boh/react-native-dev/bachelor-thesis/.worktrees/t_869afac7/dashboard/qa/layout-corrections/before/login-error-desktop.png,/home/boh/react-native-dev/bachelor-thesis/.worktrees/t_004b1565/dashboard/qa/layout-corrections/after/login-error-desktop.png,images/pairs/before/login-error-desktop.png,images/pairs/after/login-error-desktop.png
pairs,admin-stakeholder-registration,desktop,/home/boh/react-native-dev/bachelor-thesis/.worktrees/t_869afac7/dashboard/qa/layout-corrections/before/admin-stakeholder-registration-desktop.png,/home/boh/react-native-dev/bachelor-thesis/.worktrees/t_004b1565/dashboard/qa/layout-corrections/after/admin-stakeholder-registration-desktop.png,images/pairs/before/admin-stakeholder-registration-desktop.png,images/pairs/after/admin-stakeholder-registration-desktop.png
pairs,fund-rating-expanded,desktop,/home/boh/react-native-dev/bachelor-thesis/.worktrees/t_869afac7/dashboard/qa/layout-corrections/before/fund-rating-expanded-desktop.png,/home/boh/react-native-dev/bachelor-thesis/.worktrees/t_004b1565/dashboard/qa/layout-corrections/after/fund-rating-expanded-desktop.png,images/pairs/before/fund-rating-expanded-desktop.png,images/pairs/after/fund-rating-expanded-desktop.png
pairs,login,tablet,/home/boh/react-native-dev/bachelor-thesis/.worktrees/t_869afac7/dashboard/qa/layout-corrections/before/login-tablet.png,/home/boh/react-native-dev/bachelor-thesis/.worktrees/t_004b1565/dashboard/qa/layout-corrections/after/login-tablet.png,images/pairs/before/login-tablet.png,images/pairs/after/login-tablet.png
pairs,admin-overview,tablet,/home/boh/react-native-dev/bachelor-thesis/.worktrees/t_869afac7/dashboard/qa/layout-corrections/before/admin-overview-tablet.png,/home/boh/react-native-dev/bachelor-thesis/.worktrees/t_004b1565/dashboard/qa/layout-corrections/after/admin-overview-tablet.png,images/pairs/before/admin-overview-tablet.png,images/pairs/after/admin-overview-tablet.png
pairs,admin-users,tablet,/home/boh/react-native-dev/bachelor-thesis/.worktrees/t_869afac7/dashboard/qa/layout-corrections/before/admin-users-tablet.png,/home/boh/react-native-dev/bachelor-thesis/.worktrees/t_004b1565/dashboard/qa/layout-corrections/after/admin-users-tablet.png,images/pairs/before/admin-users-tablet.png,images/pairs/after/admin-users-tablet.png
pairs,admin-startups,tablet,/home/boh/react-native-dev/bachelor-thesis/.worktrees/t_869afac7/dashboard/qa/layout-corrections/before/admin-startups-tablet.png,/home/boh/react-native-dev/bachelor-thesis/.worktrees/t_004b1565/dashboard/qa/layout-corrections/after/admin-startups-tablet.png,images/pairs/before/admin-startups-tablet.png,images/pairs/after/admin-startups-tablet.png
pairs,admin-funds,tablet,/home/boh/react-native-dev/bachelor-thesis/.worktrees/t_869afac7/dashboard/qa/layout-corrections/before/admin-funds-tablet.png,/home/boh/react-native-dev/bachelor-thesis/.worktrees/t_004b1565/dashboard/qa/layout-corrections/after/admin-funds-tablet.png,images/pairs/before/admin-funds-tablet.png,images/pairs/after/admin-funds-tablet.png
pairs,startup-overview,tablet,/home/boh/react-native-dev/bachelor-thesis/.worktrees/t_869afac7/dashboard/qa/layout-corrections/before/startup-overview-tablet.png,/home/boh/react-native-dev/bachelor-thesis/.worktrees/t_004b1565/dashboard/qa/layout-corrections/after/startup-overview-tablet.png,images/pairs/before/startup-overview-tablet.png,images/pairs/after/startup-overview-tablet.png
pairs,startup-submit,tablet,/home/boh/react-native-dev/bachelor-thesis/.worktrees/t_869afac7/dashboard/qa/layout-corrections/before/startup-submit-tablet.png,/home/boh/react-native-dev/bachelor-thesis/.worktrees/t_004b1565/dashboard/qa/layout-corrections/after/startup-submit-tablet.png,images/pairs/before/startup-submit-tablet.png,images/pairs/after/startup-submit-tablet.png
pairs,fund-portfolio,tablet,/home/boh/react-native-dev/bachelor-thesis/.worktrees/t_869afac7/dashboard/qa/layout-corrections/before/fund-portfolio-tablet.png,/home/boh/react-native-dev/bachelor-thesis/.worktrees/t_004b1565/dashboard/qa/layout-corrections/after/fund-portfolio-tablet.png,images/pairs/before/fund-portfolio-tablet.png,images/pairs/after/fund-portfolio-tablet.png
pairs,fund-detail,tablet,/home/boh/react-native-dev/bachelor-thesis/.worktrees/t_869afac7/dashboard/qa/layout-corrections/before/fund-detail-tablet.png,/home/boh/react-native-dev/bachelor-thesis/.worktrees/t_004b1565/dashboard/qa/layout-corrections/after/fund-detail-tablet.png,images/pairs/before/fund-detail-tablet.png,images/pairs/after/fund-detail-tablet.png
pairs,fund-founders,tablet,/home/boh/react-native-dev/bachelor-thesis/.worktrees/t_869afac7/dashboard/qa/layout-corrections/before/fund-founders-tablet.png,/home/boh/react-native-dev/bachelor-thesis/.worktrees/t_004b1565/dashboard/qa/layout-corrections/after/fund-founders-tablet.png,images/pairs/before/fund-founders-tablet.png,images/pairs/after/fund-founders-tablet.png
pairs,fund-rating,tablet,/home/boh/react-native-dev/bachelor-thesis/.worktrees/t_869afac7/dashboard/qa/layout-corrections/before/fund-rating-tablet.png,/home/boh/react-native-dev/bachelor-thesis/.worktrees/t_004b1565/dashboard/qa/layout-corrections/after/fund-rating-tablet.png,images/pairs/before/fund-rating-tablet.png,images/pairs/after/fund-rating-tablet.png
pairs,stakeholder-portfolio,tablet,/home/boh/react-native-dev/bachelor-thesis/.worktrees/t_869afac7/dashboard/qa/layout-corrections/before/stakeholder-portfolio-tablet.png,/home/boh/react-native-dev/bachelor-thesis/.worktrees/t_004b1565/dashboard/qa/layout-corrections/after/stakeholder-portfolio-tablet.png,images/pairs/before/stakeholder-portfolio-tablet.png,images/pairs/after/stakeholder-portfolio-tablet.png
pairs,emptyfund-portfolio,tablet,/home/boh/react-native-dev/bachelor-thesis/.worktrees/t_869afac7/dashboard/qa/layout-corrections/before/emptyfund-portfolio-tablet.png,/home/boh/react-native-dev/bachelor-thesis/.worktrees/t_004b1565/dashboard/qa/layout-corrections/after/emptyfund-portfolio-tablet.png,images/pairs/before/emptyfund-portfolio-tablet.png,images/pairs/after/emptyfund-portfolio-tablet.png
pairs,onboarding-startup,tablet,/home/boh/react-native-dev/bachelor-thesis/.worktrees/t_869afac7/dashboard/qa/layout-corrections/before/onboarding-startup-tablet.png,/home/boh/react-native-dev/bachelor-thesis/.worktrees/t_004b1565/dashboard/qa/layout-corrections/after/onboarding-startup-tablet.png,images/pairs/before/onboarding-startup-tablet.png,images/pairs/after/onboarding-startup-tablet.png
pairs,onboarding-product,tablet,/home/boh/react-native-dev/bachelor-thesis/.worktrees/t_869afac7/dashboard/qa/layout-corrections/before/onboarding-product-tablet.png,/home/boh/react-native-dev/bachelor-thesis/.worktrees/t_004b1565/dashboard/qa/layout-corrections/after/onboarding-product-tablet.png,images/pairs/before/onboarding-product-tablet.png,images/pairs/after/onboarding-product-tablet.png
pairs,onboarding-questionnaire,tablet,/home/boh/react-native-dev/bachelor-thesis/.worktrees/t_869afac7/dashboard/qa/layout-corrections/before/onboarding-questionnaire-tablet.png,/home/boh/react-native-dev/bachelor-thesis/.worktrees/t_004b1565/dashboard/qa/layout-corrections/after/onboarding-questionnaire-tablet.png,images/pairs/before/onboarding-questionnaire-tablet.png,images/pairs/after/onboarding-questionnaire-tablet.png
pairs,onboarding-track-record,tablet,/home/boh/react-native-dev/bachelor-thesis/.worktrees/t_869afac7/dashboard/qa/layout-corrections/before/onboarding-track-record-tablet.png,/home/boh/react-native-dev/bachelor-thesis/.worktrees/t_004b1565/dashboard/qa/layout-corrections/after/onboarding-track-record-tablet.png,images/pairs/before/onboarding-track-record-tablet.png,images/pairs/after/onboarding-track-record-tablet.png
pairs,admin-overview-nav-toggle,tablet,/home/boh/react-native-dev/bachelor-thesis/.worktrees/t_869afac7/dashboard/qa/layout-corrections/before/admin-overview-nav-toggle-tablet.png,/home/boh/react-native-dev/bachelor-thesis/.worktrees/t_004b1565/dashboard/qa/layout-corrections/after/admin-overview-nav-toggle-tablet.png,images/pairs/before/admin-overview-nav-toggle-tablet.png,images/pairs/after/admin-overview-nav-toggle-tablet.png
pairs,admin-users-nav-toggle,tablet,/home/boh/react-native-dev/bachelor-thesis/.worktrees/t_869afac7/dashboard/qa/layout-corrections/before/admin-users-nav-toggle-tablet.png,/home/boh/react-native-dev/bachelor-thesis/.worktrees/t_004b1565/dashboard/qa/layout-corrections/after/admin-users-nav-toggle-tablet.png,images/pairs/before/admin-users-nav-toggle-tablet.png,images/pairs/after/admin-users-nav-toggle-tablet.png
pairs,admin-startups-nav-toggle,tablet,/home/boh/react-native-dev/bachelor-thesis/.worktrees/t_869afac7/dashboard/qa/layout-corrections/before/admin-startups-nav-toggle-tablet.png,/home/boh/react-native-dev/bachelor-thesis/.worktrees/t_004b1565/dashboard/qa/layout-corrections/after/admin-startups-nav-toggle-tablet.png,images/pairs/before/admin-startups-nav-toggle-tablet.png,images/pairs/after/admin-startups-nav-toggle-tablet.png
pairs,admin-funds-nav-toggle,tablet,/home/boh/react-native-dev/bachelor-thesis/.worktrees/t_869afac7/dashboard/qa/layout-corrections/before/admin-funds-nav-toggle-tablet.png,/home/boh/react-native-dev/bachelor-thesis/.worktrees/t_004b1565/dashboard/qa/layout-corrections/after/admin-funds-nav-toggle-tablet.png,images/pairs/before/admin-funds-nav-toggle-tablet.png,images/pairs/after/admin-funds-nav-toggle-tablet.png
pairs,startup-overview-nav-toggle,tablet,/home/boh/react-native-dev/bachelor-thesis/.worktrees/t_869afac7/dashboard/qa/layout-corrections/before/startup-overview-nav-toggle-tablet.png,/home/boh/react-native-dev/bachelor-thesis/.worktrees/t_004b1565/dashboard/qa/layout-corrections/after/startup-overview-nav-toggle-tablet.png,images/pairs/before/startup-overview-nav-toggle-tablet.png,images/pairs/after/startup-overview-nav-toggle-tablet.png
pairs,startup-submit-nav-toggle,tablet,/home/boh/react-native-dev/bachelor-thesis/.worktrees/t_869afac7/dashboard/qa/layout-corrections/before/startup-submit-nav-toggle-tablet.png,/home/boh/react-native-dev/bachelor-thesis/.worktrees/t_004b1565/dashboard/qa/layout-corrections/after/startup-submit-nav-toggle-tablet.png,images/pairs/before/startup-submit-nav-toggle-tablet.png,images/pairs/after/startup-submit-nav-toggle-tablet.png
pairs,fund-portfolio-nav-toggle,tablet,/home/boh/react-native-dev/bachelor-thesis/.worktrees/t_869afac7/dashboard/qa/layout-corrections/before/fund-portfolio-nav-toggle-tablet.png,/home/boh/react-native-dev/bachelor-thesis/.worktrees/t_004b1565/dashboard/qa/layout-corrections/after/fund-portfolio-nav-toggle-tablet.png,images/pairs/before/fund-portfolio-nav-toggle-tablet.png,images/pairs/after/fund-portfolio-nav-toggle-tablet.png
pairs,fund-detail-nav-toggle,tablet,/home/boh/react-native-dev/bachelor-thesis/.worktrees/t_869afac7/dashboard/qa/layout-corrections/before/fund-detail-nav-toggle-tablet.png,/home/boh/react-native-dev/bachelor-thesis/.worktrees/t_004b1565/dashboard/qa/layout-corrections/after/fund-detail-nav-toggle-tablet.png,images/pairs/before/fund-detail-nav-toggle-tablet.png,images/pairs/after/fund-detail-nav-toggle-tablet.png
pairs,fund-founders-nav-toggle,tablet,/home/boh/react-native-dev/bachelor-thesis/.worktrees/t_869afac7/dashboard/qa/layout-corrections/before/fund-founders-nav-toggle-tablet.png,/home/boh/react-native-dev/bachelor-thesis/.worktrees/t_004b1565/dashboard/qa/layout-corrections/after/fund-founders-nav-toggle-tablet.png,images/pairs/before/fund-founders-nav-toggle-tablet.png,images/pairs/after/fund-founders-nav-toggle-tablet.png
pairs,fund-rating-nav-toggle,tablet,/home/boh/react-native-dev/bachelor-thesis/.worktrees/t_869afac7/dashboard/qa/layout-corrections/before/fund-rating-nav-toggle-tablet.png,/home/boh/react-native-dev/bachelor-thesis/.worktrees/t_004b1565/dashboard/qa/layout-corrections/after/fund-rating-nav-toggle-tablet.png,images/pairs/before/fund-rating-nav-toggle-tablet.png,images/pairs/after/fund-rating-nav-toggle-tablet.png
pairs,stakeholder-portfolio-nav-toggle,tablet,/home/boh/react-native-dev/bachelor-thesis/.worktrees/t_869afac7/dashboard/qa/layout-corrections/before/stakeholder-portfolio-nav-toggle-tablet.png,/home/boh/react-native-dev/bachelor-thesis/.worktrees/t_004b1565/dashboard/qa/layout-corrections/after/stakeholder-portfolio-nav-toggle-tablet.png,images/pairs/before/stakeholder-portfolio-nav-toggle-tablet.png,images/pairs/after/stakeholder-portfolio-nav-toggle-tablet.png
pairs,emptyfund-portfolio-nav-toggle,tablet,/home/boh/react-native-dev/bachelor-thesis/.worktrees/t_869afac7/dashboard/qa/layout-corrections/before/emptyfund-portfolio-nav-toggle-tablet.png,/home/boh/react-native-dev/bachelor-thesis/.worktrees/t_004b1565/dashboard/qa/layout-corrections/after/emptyfund-portfolio-nav-toggle-tablet.png,images/pairs/before/emptyfund-portfolio-nav-toggle-tablet.png,images/pairs/after/emptyfund-portfolio-nav-toggle-tablet.png
pairs,onboarding-startup-field-focus,tablet,/home/boh/react-native-dev/bachelor-thesis/.worktrees/t_869afac7/dashboard/qa/layout-corrections/before/onboarding-startup-field-focus-tablet.png,/home/boh/react-native-dev/bachelor-thesis/.worktrees/t_004b1565/dashboard/qa/layout-corrections/after/onboarding-startup-field-focus-tablet.png,images/pairs/before/onboarding-startup-field-focus-tablet.png,images/pairs/after/onboarding-startup-field-focus-tablet.png
pairs,onboarding-product-field-focus,tablet,/home/boh/react-native-dev/bachelor-thesis/.worktrees/t_869afac7/dashboard/qa/layout-corrections/before/onboarding-product-field-focus-tablet.png,/home/boh/react-native-dev/bachelor-thesis/.worktrees/t_004b1565/dashboard/qa/layout-corrections/after/onboarding-product-field-focus-tablet.png,images/pairs/before/onboarding-product-field-focus-tablet.png,images/pairs/after/onboarding-product-field-focus-tablet.png
pairs,onboarding-questionnaire-field-focus,tablet,/home/boh/react-native-dev/bachelor-thesis/.worktrees/t_869afac7/dashboard/qa/layout-corrections/before/onboarding-questionnaire-field-focus-tablet.png,/home/boh/react-native-dev/bachelor-thesis/.worktrees/t_004b1565/dashboard/qa/layout-corrections/after/onboarding-questionnaire-field-focus-tablet.png,images/pairs/before/onboarding-questionnaire-field-focus-tablet.png,images/pairs/after/onboarding-questionnaire-field-focus-tablet.png
pairs,onboarding-track-record-field-focus,tablet,/home/boh/react-native-dev/bachelor-thesis/.worktrees/t_869afac7/dashboard/qa/layout-corrections/before/onboarding-track-record-field-focus-tablet.png,/home/boh/react-native-dev/bachelor-thesis/.worktrees/t_004b1565/dashboard/qa/layout-corrections/after/onboarding-track-record-field-focus-tablet.png,images/pairs/before/onboarding-track-record-field-focus-tablet.png,images/pairs/after/onboarding-track-record-field-focus-tablet.png
pairs,startup-gantt-week,tablet,/home/boh/react-native-dev/bachelor-thesis/.worktrees/t_869afac7/dashboard/qa/layout-corrections/before/startup-gantt-week-tablet.png,/home/boh/react-native-dev/bachelor-thesis/.worktrees/t_004b1565/dashboard/qa/layout-corrections/after/startup-gantt-week-tablet.png,images/pairs/before/startup-gantt-week-tablet.png,images/pairs/after/startup-gantt-week-tablet.png
pairs,startup-gantt-month,tablet,/home/boh/react-native-dev/bachelor-thesis/.worktrees/t_869afac7/dashboard/qa/layout-corrections/before/startup-gantt-month-tablet.png,/home/boh/react-native-dev/bachelor-thesis/.worktrees/t_004b1565/dashboard/qa/layout-corrections/after/startup-gantt-month-tablet.png,images/pairs/before/startup-gantt-month-tablet.png,images/pairs/after/startup-gantt-month-tablet.png
pairs,startup-gantt-year,tablet,/home/boh/react-native-dev/bachelor-thesis/.worktrees/t_869afac7/dashboard/qa/layout-corrections/before/startup-gantt-year-tablet.png,/home/boh/react-native-dev/bachelor-thesis/.worktrees/t_004b1565/dashboard/qa/layout-corrections/after/startup-gantt-year-tablet.png,images/pairs/before/startup-gantt-year-tablet.png,images/pairs/after/startup-gantt-year-tablet.png
pairs,fund-gantt-week,tablet,/home/boh/react-native-dev/bachelor-thesis/.worktrees/t_869afac7/dashboard/qa/layout-corrections/before/fund-gantt-week-tablet.png,/home/boh/react-native-dev/bachelor-thesis/.worktrees/t_004b1565/dashboard/qa/layout-corrections/after/fund-gantt-week-tablet.png,images/pairs/before/fund-gantt-week-tablet.png,images/pairs/after/fund-gantt-week-tablet.png
pairs,fund-gantt-month,tablet,/home/boh/react-native-dev/bachelor-thesis/.worktrees/t_869afac7/dashboard/qa/layout-corrections/before/fund-gantt-month-tablet.png,/home/boh/react-native-dev/bachelor-thesis/.worktrees/t_004b1565/dashboard/qa/layout-corrections/after/fund-gantt-month-tablet.png,images/pairs/before/fund-gantt-month-tablet.png,images/pairs/after/fund-gantt-month-tablet.png
pairs,fund-gantt-year,tablet,/home/boh/react-native-dev/bachelor-thesis/.worktrees/t_869afac7/dashboard/qa/layout-corrections/before/fund-gantt-year-tablet.png,/home/boh/react-native-dev/bachelor-thesis/.worktrees/t_004b1565/dashboard/qa/layout-corrections/after/fund-gantt-year-tablet.png,images/pairs/before/fund-gantt-year-tablet.png,images/pairs/after/fund-gantt-year-tablet.png
pairs,fund-patent-detail,tablet,/home/boh/react-native-dev/bachelor-thesis/.worktrees/t_869afac7/dashboard/qa/layout-corrections/before/fund-patent-detail-tablet.png,/home/boh/react-native-dev/bachelor-thesis/.worktrees/t_004b1565/dashboard/qa/layout-corrections/after/fund-patent-detail-tablet.png,images/pairs/before/fund-patent-detail-tablet.png,images/pairs/after/fund-patent-detail-tablet.png
pairs,startup-technology-edit,tablet,/home/boh/react-native-dev/bachelor-thesis/.worktrees/t_869afac7/dashboard/qa/layout-corrections/before/startup-technology-edit-tablet.png,/home/boh/react-native-dev/bachelor-thesis/.worktrees/t_004b1565/dashboard/qa/layout-corrections/after/startup-technology-edit-tablet.png,images/pairs/before/startup-technology-edit-tablet.png,images/pairs/after/startup-technology-edit-tablet.png
pairs,startup-submit-technology,tablet,/home/boh/react-native-dev/bachelor-thesis/.worktrees/t_869afac7/dashboard/qa/layout-corrections/before/startup-submit-technology-tablet.png,/home/boh/react-native-dev/bachelor-thesis/.worktrees/t_004b1565/dashboard/qa/layout-corrections/after/startup-submit-technology-tablet.png,images/pairs/before/startup-submit-technology-tablet.png,images/pairs/after/startup-submit-technology-tablet.png
pairs,startup-submit-investor,tablet,/home/boh/react-native-dev/bachelor-thesis/.worktrees/t_869afac7/dashboard/qa/layout-corrections/before/startup-submit-investor-tablet.png,/home/boh/react-native-dev/bachelor-thesis/.worktrees/t_004b1565/dashboard/qa/layout-corrections/after/startup-submit-investor-tablet.png,images/pairs/before/startup-submit-investor-tablet.png,images/pairs/after/startup-submit-investor-tablet.png
pairs,startup-submit-milestone,tablet,/home/boh/react-native-dev/bachelor-thesis/.worktrees/t_869afac7/dashboard/qa/layout-corrections/before/startup-submit-milestone-tablet.png,/home/boh/react-native-dev/bachelor-thesis/.worktrees/t_004b1565/dashboard/qa/layout-corrections/after/startup-submit-milestone-tablet.png,images/pairs/before/startup-submit-milestone-tablet.png,images/pairs/after/startup-submit-milestone-tablet.png
pairs,startup-submit-investment-round,tablet,/home/boh/react-native-dev/bachelor-thesis/.worktrees/t_869afac7/dashboard/qa/layout-corrections/before/startup-submit-investment-round-tablet.png,/home/boh/react-native-dev/bachelor-thesis/.worktrees/t_004b1565/dashboard/qa/layout-corrections/after/startup-submit-investment-round-tablet.png,images/pairs/before/startup-submit-investment-round-tablet.png,images/pairs/after/startup-submit-investment-round-tablet.png
pairs,startup-submit-new-patent,tablet,/home/boh/react-native-dev/bachelor-thesis/.worktrees/t_869afac7/dashboard/qa/layout-corrections/before/startup-submit-new-patent-tablet.png,/home/boh/react-native-dev/bachelor-thesis/.worktrees/t_004b1565/dashboard/qa/layout-corrections/after/startup-submit-new-patent-tablet.png,images/pairs/before/startup-submit-new-patent-tablet.png,images/pairs/after/startup-submit-new-patent-tablet.png
pairs,startup-submit-patent-update,tablet,/home/boh/react-native-dev/bachelor-thesis/.worktrees/t_869afac7/dashboard/qa/layout-corrections/before/startup-submit-patent-update-tablet.png,/home/boh/react-native-dev/bachelor-thesis/.worktrees/t_004b1565/dashboard/qa/layout-corrections/after/startup-submit-patent-update-tablet.png,images/pairs/before/startup-submit-patent-update-tablet.png,images/pairs/after/startup-submit-patent-update-tablet.png
pairs,startup-submit-patent-cancel,tablet,/home/boh/react-native-dev/bachelor-thesis/.worktrees/t_869afac7/dashboard/qa/layout-corrections/before/startup-submit-patent-cancel-tablet.png,/home/boh/react-native-dev/bachelor-thesis/.worktrees/t_004b1565/dashboard/qa/layout-corrections/after/startup-submit-patent-cancel-tablet.png,images/pairs/before/startup-submit-patent-cancel-tablet.png,images/pairs/after/startup-submit-patent-cancel-tablet.png
pairs,login-focus,tablet,/home/boh/react-native-dev/bachelor-thesis/.worktrees/t_869afac7/dashboard/qa/layout-corrections/before/login-focus-tablet.png,/home/boh/react-native-dev/bachelor-thesis/.worktrees/t_004b1565/dashboard/qa/layout-corrections/after/login-focus-tablet.png,images/pairs/before/login-focus-tablet.png,images/pairs/after/login-focus-tablet.png
pairs,login-invalid,tablet,/home/boh/react-native-dev/bachelor-thesis/.worktrees/t_869afac7/dashboard/qa/layout-corrections/before/login-invalid-tablet.png,/home/boh/react-native-dev/bachelor-thesis/.worktrees/t_004b1565/dashboard/qa/layout-corrections/after/login-invalid-tablet.png,images/pairs/before/login-invalid-tablet.png,images/pairs/after/login-invalid-tablet.png
pairs,login-error,tablet,/home/boh/react-native-dev/bachelor-thesis/.worktrees/t_869afac7/dashboard/qa/layout-corrections/before/login-error-tablet.png,/home/boh/react-native-dev/bachelor-thesis/.worktrees/t_004b1565/dashboard/qa/layout-corrections/after/login-error-tablet.png,images/pairs/before/login-error-tablet.png,images/pairs/after/login-error-tablet.png
pairs,admin-stakeholder-registration,tablet,/home/boh/react-native-dev/bachelor-thesis/.worktrees/t_869afac7/dashboard/qa/layout-corrections/before/admin-stakeholder-registration-tablet.png,/home/boh/react-native-dev/bachelor-thesis/.worktrees/t_004b1565/dashboard/qa/layout-corrections/after/admin-stakeholder-registration-tablet.png,images/pairs/before/admin-stakeholder-registration-tablet.png,images/pairs/after/admin-stakeholder-registration-tablet.png
pairs,fund-rating-expanded,tablet,/home/boh/react-native-dev/bachelor-thesis/.worktrees/t_869afac7/dashboard/qa/layout-corrections/before/fund-rating-expanded-tablet.png,/home/boh/react-native-dev/bachelor-thesis/.worktrees/t_004b1565/dashboard/qa/layout-corrections/after/fund-rating-expanded-tablet.png,images/pairs/before/fund-rating-expanded-tablet.png,images/pairs/after/fund-rating-expanded-tablet.png
pairs,login,mobile,/home/boh/react-native-dev/bachelor-thesis/.worktrees/t_869afac7/dashboard/qa/layout-corrections/before/login-mobile.png,/home/boh/react-native-dev/bachelor-thesis/.worktrees/t_004b1565/dashboard/qa/layout-corrections/after/login-mobile.png,images/pairs/before/login-mobile.png,images/pairs/after/login-mobile.png
pairs,admin-overview,mobile,/home/boh/react-native-dev/bachelor-thesis/.worktrees/t_869afac7/dashboard/qa/layout-corrections/before/admin-overview-mobile.png,/home/boh/react-native-dev/bachelor-thesis/.worktrees/t_004b1565/dashboard/qa/layout-corrections/after/admin-overview-mobile.png,images/pairs/before/admin-overview-mobile.png,images/pairs/after/admin-overview-mobile.png
pairs,admin-users,mobile,/home/boh/react-native-dev/bachelor-thesis/.worktrees/t_869afac7/dashboard/qa/layout-corrections/before/admin-users-mobile.png,/home/boh/react-native-dev/bachelor-thesis/.worktrees/t_004b1565/dashboard/qa/layout-corrections/after/admin-users-mobile.png,images/pairs/before/admin-users-mobile.png,images/pairs/after/admin-users-mobile.png
pairs,admin-startups,mobile,/home/boh/react-native-dev/bachelor-thesis/.worktrees/t_869afac7/dashboard/qa/layout-corrections/before/admin-startups-mobile.png,/home/boh/react-native-dev/bachelor-thesis/.worktrees/t_004b1565/dashboard/qa/layout-corrections/after/admin-startups-mobile.png,images/pairs/before/admin-startups-mobile.png,images/pairs/after/admin-startups-mobile.png
pairs,admin-funds,mobile,/home/boh/react-native-dev/bachelor-thesis/.worktrees/t_869afac7/dashboard/qa/layout-corrections/before/admin-funds-mobile.png,/home/boh/react-native-dev/bachelor-thesis/.worktrees/t_004b1565/dashboard/qa/layout-corrections/after/admin-funds-mobile.png,images/pairs/before/admin-funds-mobile.png,images/pairs/after/admin-funds-mobile.png
pairs,startup-overview,mobile,/home/boh/react-native-dev/bachelor-thesis/.worktrees/t_869afac7/dashboard/qa/layout-corrections/before/startup-overview-mobile.png,/home/boh/react-native-dev/bachelor-thesis/.worktrees/t_004b1565/dashboard/qa/layout-corrections/after/startup-overview-mobile.png,images/pairs/before/startup-overview-mobile.png,images/pairs/after/startup-overview-mobile.png
pairs,startup-submit,mobile,/home/boh/react-native-dev/bachelor-thesis/.worktrees/t_869afac7/dashboard/qa/layout-corrections/before/startup-submit-mobile.png,/home/boh/react-native-dev/bachelor-thesis/.worktrees/t_004b1565/dashboard/qa/layout-corrections/after/startup-submit-mobile.png,images/pairs/before/startup-submit-mobile.png,images/pairs/after/startup-submit-mobile.png
pairs,fund-portfolio,mobile,/home/boh/react-native-dev/bachelor-thesis/.worktrees/t_869afac7/dashboard/qa/layout-corrections/before/fund-portfolio-mobile.png,/home/boh/react-native-dev/bachelor-thesis/.worktrees/t_004b1565/dashboard/qa/layout-corrections/after/fund-portfolio-mobile.png,images/pairs/before/fund-portfolio-mobile.png,images/pairs/after/fund-portfolio-mobile.png
pairs,fund-detail,mobile,/home/boh/react-native-dev/bachelor-thesis/.worktrees/t_869afac7/dashboard/qa/layout-corrections/before/fund-detail-mobile.png,/home/boh/react-native-dev/bachelor-thesis/.worktrees/t_004b1565/dashboard/qa/layout-corrections/after/fund-detail-mobile.png,images/pairs/before/fund-detail-mobile.png,images/pairs/after/fund-detail-mobile.png
pairs,fund-founders,mobile,/home/boh/react-native-dev/bachelor-thesis/.worktrees/t_869afac7/dashboard/qa/layout-corrections/before/fund-founders-mobile.png,/home/boh/react-native-dev/bachelor-thesis/.worktrees/t_004b1565/dashboard/qa/layout-corrections/after/fund-founders-mobile.png,images/pairs/before/fund-founders-mobile.png,images/pairs/after/fund-founders-mobile.png
pairs,fund-rating,mobile,/home/boh/react-native-dev/bachelor-thesis/.worktrees/t_869afac7/dashboard/qa/layout-corrections/before/fund-rating-mobile.png,/home/boh/react-native-dev/bachelor-thesis/.worktrees/t_004b1565/dashboard/qa/layout-corrections/after/fund-rating-mobile.png,images/pairs/before/fund-rating-mobile.png,images/pairs/after/fund-rating-mobile.png
pairs,stakeholder-portfolio,mobile,/home/boh/react-native-dev/bachelor-thesis/.worktrees/t_869afac7/dashboard/qa/layout-corrections/before/stakeholder-portfolio-mobile.png,/home/boh/react-native-dev/bachelor-thesis/.worktrees/t_004b1565/dashboard/qa/layout-corrections/after/stakeholder-portfolio-mobile.png,images/pairs/before/stakeholder-portfolio-mobile.png,images/pairs/after/stakeholder-portfolio-mobile.png
pairs,emptyfund-portfolio,mobile,/home/boh/react-native-dev/bachelor-thesis/.worktrees/t_869afac7/dashboard/qa/layout-corrections/before/emptyfund-portfolio-mobile.png,/home/boh/react-native-dev/bachelor-thesis/.worktrees/t_004b1565/dashboard/qa/layout-corrections/after/emptyfund-portfolio-mobile.png,images/pairs/before/emptyfund-portfolio-mobile.png,images/pairs/after/emptyfund-portfolio-mobile.png
pairs,onboarding-startup,mobile,/home/boh/react-native-dev/bachelor-thesis/.worktrees/t_869afac7/dashboard/qa/layout-corrections/before/onboarding-startup-mobile.png,/home/boh/react-native-dev/bachelor-thesis/.worktrees/t_004b1565/dashboard/qa/layout-corrections/after/onboarding-startup-mobile.png,images/pairs/before/onboarding-startup-mobile.png,images/pairs/after/onboarding-startup-mobile.png
pairs,onboarding-product,mobile,/home/boh/react-native-dev/bachelor-thesis/.worktrees/t_869afac7/dashboard/qa/layout-corrections/before/onboarding-product-mobile.png,/home/boh/react-native-dev/bachelor-thesis/.worktrees/t_004b1565/dashboard/qa/layout-corrections/after/onboarding-product-mobile.png,images/pairs/before/onboarding-product-mobile.png,images/pairs/after/onboarding-product-mobile.png
pairs,onboarding-questionnaire,mobile,/home/boh/react-native-dev/bachelor-thesis/.worktrees/t_869afac7/dashboard/qa/layout-corrections/before/onboarding-questionnaire-mobile.png,/home/boh/react-native-dev/bachelor-thesis/.worktrees/t_004b1565/dashboard/qa/layout-corrections/after/onboarding-questionnaire-mobile.png,images/pairs/before/onboarding-questionnaire-mobile.png,images/pairs/after/onboarding-questionnaire-mobile.png
pairs,onboarding-track-record,mobile,/home/boh/react-native-dev/bachelor-thesis/.worktrees/t_869afac7/dashboard/qa/layout-corrections/before/onboarding-track-record-mobile.png,/home/boh/react-native-dev/bachelor-thesis/.worktrees/t_004b1565/dashboard/qa/layout-corrections/after/onboarding-track-record-mobile.png,images/pairs/before/onboarding-track-record-mobile.png,images/pairs/after/onboarding-track-record-mobile.png
pairs,admin-overview-nav-toggle,mobile,/home/boh/react-native-dev/bachelor-thesis/.worktrees/t_869afac7/dashboard/qa/layout-corrections/before/admin-overview-nav-toggle-mobile.png,/home/boh/react-native-dev/bachelor-thesis/.worktrees/t_004b1565/dashboard/qa/layout-corrections/after/admin-overview-nav-toggle-mobile.png,images/pairs/before/admin-overview-nav-toggle-mobile.png,images/pairs/after/admin-overview-nav-toggle-mobile.png
pairs,admin-users-nav-toggle,mobile,/home/boh/react-native-dev/bachelor-thesis/.worktrees/t_869afac7/dashboard/qa/layout-corrections/before/admin-users-nav-toggle-mobile.png,/home/boh/react-native-dev/bachelor-thesis/.worktrees/t_004b1565/dashboard/qa/layout-corrections/after/admin-users-nav-toggle-mobile.png,images/pairs/before/admin-users-nav-toggle-mobile.png,images/pairs/after/admin-users-nav-toggle-mobile.png
pairs,admin-startups-nav-toggle,mobile,/home/boh/react-native-dev/bachelor-thesis/.worktrees/t_869afac7/dashboard/qa/layout-corrections/before/admin-startups-nav-toggle-mobile.png,/home/boh/react-native-dev/bachelor-thesis/.worktrees/t_004b1565/dashboard/qa/layout-corrections/after/admin-startups-nav-toggle-mobile.png,images/pairs/before/admin-startups-nav-toggle-mobile.png,images/pairs/after/admin-startups-nav-toggle-mobile.png
pairs,admin-funds-nav-toggle,mobile,/home/boh/react-native-dev/bachelor-thesis/.worktrees/t_869afac7/dashboard/qa/layout-corrections/before/admin-funds-nav-toggle-mobile.png,/home/boh/react-native-dev/bachelor-thesis/.worktrees/t_004b1565/dashboard/qa/layout-corrections/after/admin-funds-nav-toggle-mobile.png,images/pairs/before/admin-funds-nav-toggle-mobile.png,images/pairs/after/admin-funds-nav-toggle-mobile.png
pairs,startup-overview-nav-toggle,mobile,/home/boh/react-native-dev/bachelor-thesis/.worktrees/t_869afac7/dashboard/qa/layout-corrections/before/startup-overview-nav-toggle-mobile.png,/home/boh/react-native-dev/bachelor-thesis/.worktrees/t_004b1565/dashboard/qa/layout-corrections/after/startup-overview-nav-toggle-mobile.png,images/pairs/before/startup-overview-nav-toggle-mobile.png,images/pairs/after/startup-overview-nav-toggle-mobile.png
pairs,startup-submit-nav-toggle,mobile,/home/boh/react-native-dev/bachelor-thesis/.worktrees/t_869afac7/dashboard/qa/layout-corrections/before/startup-submit-nav-toggle-mobile.png,/home/boh/react-native-dev/bachelor-thesis/.worktrees/t_004b1565/dashboard/qa/layout-corrections/after/startup-submit-nav-toggle-mobile.png,images/pairs/before/startup-submit-nav-toggle-mobile.png,images/pairs/after/startup-submit-nav-toggle-mobile.png
pairs,fund-portfolio-nav-toggle,mobile,/home/boh/react-native-dev/bachelor-thesis/.worktrees/t_869afac7/dashboard/qa/layout-corrections/before/fund-portfolio-nav-toggle-mobile.png,/home/boh/react-native-dev/bachelor-thesis/.worktrees/t_004b1565/dashboard/qa/layout-corrections/after/fund-portfolio-nav-toggle-mobile.png,images/pairs/before/fund-portfolio-nav-toggle-mobile.png,images/pairs/after/fund-portfolio-nav-toggle-mobile.png
pairs,fund-detail-nav-toggle,mobile,/home/boh/react-native-dev/bachelor-thesis/.worktrees/t_869afac7/dashboard/qa/layout-corrections/before/fund-detail-nav-toggle-mobile.png,/home/boh/react-native-dev/bachelor-thesis/.worktrees/t_004b1565/dashboard/qa/layout-corrections/after/fund-detail-nav-toggle-mobile.png,images/pairs/before/fund-detail-nav-toggle-mobile.png,images/pairs/after/fund-detail-nav-toggle-mobile.png
pairs,fund-founders-nav-toggle,mobile,/home/boh/react-native-dev/bachelor-thesis/.worktrees/t_869afac7/dashboard/qa/layout-corrections/before/fund-founders-nav-toggle-mobile.png,/home/boh/react-native-dev/bachelor-thesis/.worktrees/t_004b1565/dashboard/qa/layout-corrections/after/fund-founders-nav-toggle-mobile.png,images/pairs/before/fund-founders-nav-toggle-mobile.png,images/pairs/after/fund-founders-nav-toggle-mobile.png
pairs,fund-rating-nav-toggle,mobile,/home/boh/react-native-dev/bachelor-thesis/.worktrees/t_869afac7/dashboard/qa/layout-corrections/before/fund-rating-nav-toggle-mobile.png,/home/boh/react-native-dev/bachelor-thesis/.worktrees/t_004b1565/dashboard/qa/layout-corrections/after/fund-rating-nav-toggle-mobile.png,images/pairs/before/fund-rating-nav-toggle-mobile.png,images/pairs/after/fund-rating-nav-toggle-mobile.png
pairs,stakeholder-portfolio-nav-toggle,mobile,/home/boh/react-native-dev/bachelor-thesis/.worktrees/t_869afac7/dashboard/qa/layout-corrections/before/stakeholder-portfolio-nav-toggle-mobile.png,/home/boh/react-native-dev/bachelor-thesis/.worktrees/t_004b1565/dashboard/qa/layout-corrections/after/stakeholder-portfolio-nav-toggle-mobile.png,images/pairs/before/stakeholder-portfolio-nav-toggle-mobile.png,images/pairs/after/stakeholder-portfolio-nav-toggle-mobile.png
pairs,emptyfund-portfolio-nav-toggle,mobile,/home/boh/react-native-dev/bachelor-thesis/.worktrees/t_869afac7/dashboard/qa/layout-corrections/before/emptyfund-portfolio-nav-toggle-mobile.png,/home/boh/react-native-dev/bachelor-thesis/.worktrees/t_004b1565/dashboard/qa/layout-corrections/after/emptyfund-portfolio-nav-toggle-mobile.png,images/pairs/before/emptyfund-portfolio-nav-toggle-mobile.png,images/pairs/after/emptyfund-portfolio-nav-toggle-mobile.png
pairs,onboarding-startup-field-focus,mobile,/home/boh/react-native-dev/bachelor-thesis/.worktrees/t_869afac7/dashboard/qa/layout-corrections/before/onboarding-startup-field-focus-mobile.png,/home/boh/react-native-dev/bachelor-thesis/.worktrees/t_004b1565/dashboard/qa/layout-corrections/after/onboarding-startup-field-focus-mobile.png,images/pairs/before/onboarding-startup-field-focus-mobile.png,images/pairs/after/onboarding-startup-field-focus-mobile.png
pairs,onboarding-product-field-focus,mobile,/home/boh/react-native-dev/bachelor-thesis/.worktrees/t_869afac7/dashboard/qa/layout-corrections/before/onboarding-product-field-focus-mobile.png,/home/boh/react-native-dev/bachelor-thesis/.worktrees/t_004b1565/dashboard/qa/layout-corrections/after/onboarding-product-field-focus-mobile.png,images/pairs/before/onboarding-product-field-focus-mobile.png,images/pairs/after/onboarding-product-field-focus-mobile.png
pairs,onboarding-questionnaire-field-focus,mobile,/home/boh/react-native-dev/bachelor-thesis/.worktrees/t_869afac7/dashboard/qa/layout-corrections/before/onboarding-questionnaire-field-focus-mobile.png,/home/boh/react-native-dev/bachelor-thesis/.worktrees/t_004b1565/dashboard/qa/layout-corrections/after/onboarding-questionnaire-field-focus-mobile.png,images/pairs/before/onboarding-questionnaire-field-focus-mobile.png,images/pairs/after/onboarding-questionnaire-field-focus-mobile.png
pairs,onboarding-track-record-field-focus,mobile,/home/boh/react-native-dev/bachelor-thesis/.worktrees/t_869afac7/dashboard/qa/layout-corrections/before/onboarding-track-record-field-focus-mobile.png,/home/boh/react-native-dev/bachelor-thesis/.worktrees/t_004b1565/dashboard/qa/layout-corrections/after/onboarding-track-record-field-focus-mobile.png,images/pairs/before/onboarding-track-record-field-focus-mobile.png,images/pairs/after/onboarding-track-record-field-focus-mobile.png
pairs,startup-gantt-week,mobile,/home/boh/react-native-dev/bachelor-thesis/.worktrees/t_869afac7/dashboard/qa/layout-corrections/before/startup-gantt-week-mobile.png,/home/boh/react-native-dev/bachelor-thesis/.worktrees/t_004b1565/dashboard/qa/layout-corrections/after/startup-gantt-week-mobile.png,images/pairs/before/startup-gantt-week-mobile.png,images/pairs/after/startup-gantt-week-mobile.png
pairs,startup-gantt-month,mobile,/home/boh/react-native-dev/bachelor-thesis/.worktrees/t_869afac7/dashboard/qa/layout-corrections/before/startup-gantt-month-mobile.png,/home/boh/react-native-dev/bachelor-thesis/.worktrees/t_004b1565/dashboard/qa/layout-corrections/after/startup-gantt-month-mobile.png,images/pairs/before/startup-gantt-month-mobile.png,images/pairs/after/startup-gantt-month-mobile.png
pairs,startup-gantt-year,mobile,/home/boh/react-native-dev/bachelor-thesis/.worktrees/t_869afac7/dashboard/qa/layout-corrections/before/startup-gantt-year-mobile.png,/home/boh/react-native-dev/bachelor-thesis/.worktrees/t_004b1565/dashboard/qa/layout-corrections/after/startup-gantt-year-mobile.png,images/pairs/before/startup-gantt-year-mobile.png,images/pairs/after/startup-gantt-year-mobile.png
pairs,fund-gantt-week,mobile,/home/boh/react-native-dev/bachelor-thesis/.worktrees/t_869afac7/dashboard/qa/layout-corrections/before/fund-gantt-week-mobile.png,/home/boh/react-native-dev/bachelor-thesis/.worktrees/t_004b1565/dashboard/qa/layout-corrections/after/fund-gantt-week-mobile.png,images/pairs/before/fund-gantt-week-mobile.png,images/pairs/after/fund-gantt-week-mobile.png
pairs,fund-gantt-month,mobile,/home/boh/react-native-dev/bachelor-thesis/.worktrees/t_869afac7/dashboard/qa/layout-corrections/before/fund-gantt-month-mobile.png,/home/boh/react-native-dev/bachelor-thesis/.worktrees/t_004b1565/dashboard/qa/layout-corrections/after/fund-gantt-month-mobile.png,images/pairs/before/fund-gantt-month-mobile.png,images/pairs/after/fund-gantt-month-mobile.png
pairs,fund-gantt-year,mobile,/home/boh/react-native-dev/bachelor-thesis/.worktrees/t_869afac7/dashboard/qa/layout-corrections/before/fund-gantt-year-mobile.png,/home/boh/react-native-dev/bachelor-thesis/.worktrees/t_004b1565/dashboard/qa/layout-corrections/after/fund-gantt-year-mobile.png,images/pairs/before/fund-gantt-year-mobile.png,images/pairs/after/fund-gantt-year-mobile.png
pairs,fund-patent-detail,mobile,/home/boh/react-native-dev/bachelor-thesis/.worktrees/t_869afac7/dashboard/qa/layout-corrections/before/fund-patent-detail-mobile.png,/home/boh/react-native-dev/bachelor-thesis/.worktrees/t_004b1565/dashboard/qa/layout-corrections/after/fund-patent-detail-mobile.png,images/pairs/before/fund-patent-detail-mobile.png,images/pairs/after/fund-patent-detail-mobile.png
pairs,startup-technology-edit,mobile,/home/boh/react-native-dev/bachelor-thesis/.worktrees/t_869afac7/dashboard/qa/layout-corrections/before/startup-technology-edit-mobile.png,/home/boh/react-native-dev/bachelor-thesis/.worktrees/t_004b1565/dashboard/qa/layout-corrections/after/startup-technology-edit-mobile.png,images/pairs/before/startup-technology-edit-mobile.png,images/pairs/after/startup-technology-edit-mobile.png
pairs,startup-submit-technology,mobile,/home/boh/react-native-dev/bachelor-thesis/.worktrees/t_869afac7/dashboard/qa/layout-corrections/before/startup-submit-technology-mobile.png,/home/boh/react-native-dev/bachelor-thesis/.worktrees/t_004b1565/dashboard/qa/layout-corrections/after/startup-submit-technology-mobile.png,images/pairs/before/startup-submit-technology-mobile.png,images/pairs/after/startup-submit-technology-mobile.png
pairs,startup-submit-investor,mobile,/home/boh/react-native-dev/bachelor-thesis/.worktrees/t_869afac7/dashboard/qa/layout-corrections/before/startup-submit-investor-mobile.png,/home/boh/react-native-dev/bachelor-thesis/.worktrees/t_004b1565/dashboard/qa/layout-corrections/after/startup-submit-investor-mobile.png,images/pairs/before/startup-submit-investor-mobile.png,images/pairs/after/startup-submit-investor-mobile.png
pairs,startup-submit-milestone,mobile,/home/boh/react-native-dev/bachelor-thesis/.worktrees/t_869afac7/dashboard/qa/layout-corrections/before/startup-submit-milestone-mobile.png,/home/boh/react-native-dev/bachelor-thesis/.worktrees/t_004b1565/dashboard/qa/layout-corrections/after/startup-submit-milestone-mobile.png,images/pairs/before/startup-submit-milestone-mobile.png,images/pairs/after/startup-submit-milestone-mobile.png
pairs,startup-submit-investment-round,mobile,/home/boh/react-native-dev/bachelor-thesis/.worktrees/t_869afac7/dashboard/qa/layout-corrections/before/startup-submit-investment-round-mobile.png,/home/boh/react-native-dev/bachelor-thesis/.worktrees/t_004b1565/dashboard/qa/layout-corrections/after/startup-submit-investment-round-mobile.png,images/pairs/before/startup-submit-investment-round-mobile.png,images/pairs/after/startup-submit-investment-round-mobile.png
pairs,startup-submit-new-patent,mobile,/home/boh/react-native-dev/bachelor-thesis/.worktrees/t_869afac7/dashboard/qa/layout-corrections/before/startup-submit-new-patent-mobile.png,/home/boh/react-native-dev/bachelor-thesis/.worktrees/t_004b1565/dashboard/qa/layout-corrections/after/startup-submit-new-patent-mobile.png,images/pairs/before/startup-submit-new-patent-mobile.png,images/pairs/after/startup-submit-new-patent-mobile.png
pairs,startup-submit-patent-update,mobile,/home/boh/react-native-dev/bachelor-thesis/.worktrees/t_869afac7/dashboard/qa/layout-corrections/before/startup-submit-patent-update-mobile.png,/home/boh/react-native-dev/bachelor-thesis/.worktrees/t_004b1565/dashboard/qa/layout-corrections/after/startup-submit-patent-update-mobile.png,images/pairs/before/startup-submit-patent-update-mobile.png,images/pairs/after/startup-submit-patent-update-mobile.png
pairs,startup-submit-patent-cancel,mobile,/home/boh/react-native-dev/bachelor-thesis/.worktrees/t_869afac7/dashboard/qa/layout-corrections/before/startup-submit-patent-cancel-mobile.png,/home/boh/react-native-dev/bachelor-thesis/.worktrees/t_004b1565/dashboard/qa/layout-corrections/after/startup-submit-patent-cancel-mobile.png,images/pairs/before/startup-submit-patent-cancel-mobile.png,images/pairs/after/startup-submit-patent-cancel-mobile.png
pairs,login-focus,mobile,/home/boh/react-native-dev/bachelor-thesis/.worktrees/t_869afac7/dashboard/qa/layout-corrections/before/login-focus-mobile.png,/home/boh/react-native-dev/bachelor-thesis/.worktrees/t_004b1565/dashboard/qa/layout-corrections/after/login-focus-mobile.png,images/pairs/before/login-focus-mobile.png,images/pairs/after/login-focus-mobile.png
pairs,login-invalid,mobile,/home/boh/react-native-dev/bachelor-thesis/.worktrees/t_869afac7/dashboard/qa/layout-corrections/before/login-invalid-mobile.png,/home/boh/react-native-dev/bachelor-thesis/.worktrees/t_004b1565/dashboard/qa/layout-corrections/after/login-invalid-mobile.png,images/pairs/before/login-invalid-mobile.png,images/pairs/after/login-invalid-mobile.png
pairs,login-error,mobile,/home/boh/react-native-dev/bachelor-thesis/.worktrees/t_869afac7/dashboard/qa/layout-corrections/before/login-error-mobile.png,/home/boh/react-native-dev/bachelor-thesis/.worktrees/t_004b1565/dashboard/qa/layout-corrections/after/login-error-mobile.png,images/pairs/before/login-error-mobile.png,images/pairs/after/login-error-mobile.png
pairs,admin-stakeholder-registration,mobile,/home/boh/react-native-dev/bachelor-thesis/.worktrees/t_869afac7/dashboard/qa/layout-corrections/before/admin-stakeholder-registration-mobile.png,/home/boh/react-native-dev/bachelor-thesis/.worktrees/t_004b1565/dashboard/qa/layout-corrections/after/admin-stakeholder-registration-mobile.png,images/pairs/before/admin-stakeholder-registration-mobile.png,images/pairs/after/admin-stakeholder-registration-mobile.png
pairs,fund-rating-expanded,mobile,/home/boh/react-native-dev/bachelor-thesis/.worktrees/t_869afac7/dashboard/qa/layout-corrections/before/fund-rating-expanded-mobile.png,/home/boh/react-native-dev/bachelor-thesis/.worktrees/t_004b1565/dashboard/qa/layout-corrections/after/fund-rating-expanded-mobile.png,images/pairs/before/fund-rating-expanded-mobile.png,images/pairs/after/fund-rating-expanded-mobile.png
original-pairs,admin-overview,desktop,/home/boh/react-native-dev/bachelor-thesis/.worktrees/t_e3c5bff5/dashboard/qa/baseline-2026-10-09/screenshots/desktop/admin-overview.png,/home/boh/react-native-dev/bachelor-thesis/.worktrees/t_004b1565/dashboard/qa/layout-corrections/after/admin-overview-desktop.png,images/original-pairs/before/admin-overview-desktop.png,images/original-pairs/after/admin-overview-desktop.png
original-pairs,admin-users,desktop,/home/boh/react-native-dev/bachelor-thesis/.worktrees/t_e3c5bff5/dashboard/qa/baseline-2026-10-09/screenshots/desktop/admin-users.png,/home/boh/react-native-dev/bachelor-thesis/.worktrees/t_004b1565/dashboard/qa/layout-corrections/after/admin-users-desktop.png,images/original-pairs/before/admin-users-desktop.png,images/original-pairs/after/admin-users-desktop.png
original-pairs,admin-startups,desktop,/home/boh/react-native-dev/bachelor-thesis/.worktrees/t_e3c5bff5/dashboard/qa/baseline-2026-10-09/screenshots/desktop/admin-startups.png,/home/boh/react-native-dev/bachelor-thesis/.worktrees/t_004b1565/dashboard/qa/layout-corrections/after/admin-startups-desktop.png,images/original-pairs/before/admin-startups-desktop.png,images/original-pairs/after/admin-startups-desktop.png
original-pairs,admin-funds,desktop,/home/boh/react-native-dev/bachelor-thesis/.worktrees/t_e3c5bff5/dashboard/qa/baseline-2026-10-09/screenshots/desktop/admin-funds.png,/home/boh/react-native-dev/bachelor-thesis/.worktrees/t_004b1565/dashboard/qa/layout-corrections/after/admin-funds-desktop.png,images/original-pairs/before/admin-funds-desktop.png,images/original-pairs/after/admin-funds-desktop.png
original-pairs,startup-overview,desktop,/home/boh/react-native-dev/bachelor-thesis/.worktrees/t_e3c5bff5/dashboard/qa/baseline-2026-10-09/screenshots/desktop/startup-overview.png,/home/boh/react-native-dev/bachelor-thesis/.worktrees/t_004b1565/dashboard/qa/layout-corrections/after/startup-overview-desktop.png,images/original-pairs/before/startup-overview-desktop.png,images/original-pairs/after/startup-overview-desktop.png
original-pairs,startup-submit,desktop,/home/boh/react-native-dev/bachelor-thesis/.worktrees/t_e3c5bff5/dashboard/qa/baseline-2026-10-09/screenshots/desktop/startup-submit.png,/home/boh/react-native-dev/bachelor-thesis/.worktrees/t_004b1565/dashboard/qa/layout-corrections/after/startup-submit-desktop.png,images/original-pairs/before/startup-submit-desktop.png,images/original-pairs/after/startup-submit-desktop.png
original-pairs,fund-portfolio,desktop,/home/boh/react-native-dev/bachelor-thesis/.worktrees/t_e3c5bff5/dashboard/qa/baseline-2026-10-09/screenshots/desktop/fund-portfolio.png,/home/boh/react-native-dev/bachelor-thesis/.worktrees/t_004b1565/dashboard/qa/layout-corrections/after/fund-portfolio-desktop.png,images/original-pairs/before/fund-portfolio-desktop.png,images/original-pairs/after/fund-portfolio-desktop.png
original-pairs,fund-detail,desktop,/home/boh/react-native-dev/bachelor-thesis/.worktrees/t_e3c5bff5/dashboard/qa/baseline-2026-10-09/screenshots/desktop/fund-startup-detail.png,/home/boh/react-native-dev/bachelor-thesis/.worktrees/t_004b1565/dashboard/qa/layout-corrections/after/fund-detail-desktop.png,images/original-pairs/before/fund-detail-desktop.png,images/original-pairs/after/fund-detail-desktop.png
original-pairs,fund-founders,desktop,/home/boh/react-native-dev/bachelor-thesis/.worktrees/t_e3c5bff5/dashboard/qa/baseline-2026-10-09/screenshots/desktop/fund-founders.png,/home/boh/react-native-dev/bachelor-thesis/.worktrees/t_004b1565/dashboard/qa/layout-corrections/after/fund-founders-desktop.png,images/original-pairs/before/fund-founders-desktop.png,images/original-pairs/after/fund-founders-desktop.png
original-pairs,fund-rating,desktop,/home/boh/react-native-dev/bachelor-thesis/.worktrees/t_e3c5bff5/dashboard/qa/baseline-2026-10-09/screenshots/desktop/fund-rating.png,/home/boh/react-native-dev/bachelor-thesis/.worktrees/t_004b1565/dashboard/qa/layout-corrections/after/fund-rating-desktop.png,images/original-pairs/before/fund-rating-desktop.png,images/original-pairs/after/fund-rating-desktop.png
original-pairs,stakeholder-portfolio,desktop,/home/boh/react-native-dev/bachelor-thesis/.worktrees/t_e3c5bff5/dashboard/qa/baseline-2026-10-09/screenshots/desktop/stakeholder-portfolio.png,/home/boh/react-native-dev/bachelor-thesis/.worktrees/t_004b1565/dashboard/qa/layout-corrections/after/stakeholder-portfolio-desktop.png,images/original-pairs/before/stakeholder-portfolio-desktop.png,images/original-pairs/after/stakeholder-portfolio-desktop.png
original-pairs,emptyfund-portfolio,desktop,/home/boh/react-native-dev/bachelor-thesis/.worktrees/t_e3c5bff5/dashboard/qa/baseline-2026-10-09/screenshots/desktop/emptyfund-portfolio.png,/home/boh/react-native-dev/bachelor-thesis/.worktrees/t_004b1565/dashboard/qa/layout-corrections/after/emptyfund-portfolio-desktop.png,images/original-pairs/before/emptyfund-portfolio-desktop.png,images/original-pairs/after/emptyfund-portfolio-desktop.png
original-pairs,onboarding-startup,desktop,/home/boh/react-native-dev/bachelor-thesis/.worktrees/t_e3c5bff5/dashboard/qa/baseline-2026-10-09/screenshots/desktop/onboarding-startup.png,/home/boh/react-native-dev/bachelor-thesis/.worktrees/t_004b1565/dashboard/qa/layout-corrections/after/onboarding-startup-desktop.png,images/original-pairs/before/onboarding-startup-desktop.png,images/original-pairs/after/onboarding-startup-desktop.png
original-pairs,onboarding-product,desktop,/home/boh/react-native-dev/bachelor-thesis/.worktrees/t_e3c5bff5/dashboard/qa/baseline-2026-10-09/screenshots/desktop/onboarding-product.png,/home/boh/react-native-dev/bachelor-thesis/.worktrees/t_004b1565/dashboard/qa/layout-corrections/after/onboarding-product-desktop.png,images/original-pairs/before/onboarding-product-desktop.png,images/original-pairs/after/onboarding-product-desktop.png
original-pairs,onboarding-questionnaire,desktop,/home/boh/react-native-dev/bachelor-thesis/.worktrees/t_e3c5bff5/dashboard/qa/baseline-2026-10-09/screenshots/desktop/onboarding-questionnaire.png,/home/boh/react-native-dev/bachelor-thesis/.worktrees/t_004b1565/dashboard/qa/layout-corrections/after/onboarding-questionnaire-desktop.png,images/original-pairs/before/onboarding-questionnaire-desktop.png,images/original-pairs/after/onboarding-questionnaire-desktop.png
original-pairs,onboarding-track-record,desktop,/home/boh/react-native-dev/bachelor-thesis/.worktrees/t_e3c5bff5/dashboard/qa/baseline-2026-10-09/screenshots/desktop/onboarding-track-record.png,/home/boh/react-native-dev/bachelor-thesis/.worktrees/t_004b1565/dashboard/qa/layout-corrections/after/onboarding-track-record-desktop.png,images/original-pairs/before/onboarding-track-record-desktop.png,images/original-pairs/after/onboarding-track-record-desktop.png
original-pairs,startup-gantt-year,desktop,/home/boh/react-native-dev/bachelor-thesis/.worktrees/t_e3c5bff5/dashboard/qa/baseline-2026-10-09/screenshots/desktop/startup-gantt-year.png,/home/boh/react-native-dev/bachelor-thesis/.worktrees/t_004b1565/dashboard/qa/layout-corrections/after/startup-gantt-year-desktop.png,images/original-pairs/before/startup-gantt-year-desktop.png,images/original-pairs/after/startup-gantt-year-desktop.png
original-pairs,admin-overview,tablet,/home/boh/react-native-dev/bachelor-thesis/.worktrees/t_e3c5bff5/dashboard/qa/baseline-2026-10-09/screenshots/tablet/admin-overview.png,/home/boh/react-native-dev/bachelor-thesis/.worktrees/t_004b1565/dashboard/qa/layout-corrections/after/admin-overview-tablet.png,images/original-pairs/before/admin-overview-tablet.png,images/original-pairs/after/admin-overview-tablet.png
original-pairs,admin-users,tablet,/home/boh/react-native-dev/bachelor-thesis/.worktrees/t_e3c5bff5/dashboard/qa/baseline-2026-10-09/screenshots/tablet/admin-users.png,/home/boh/react-native-dev/bachelor-thesis/.worktrees/t_004b1565/dashboard/qa/layout-corrections/after/admin-users-tablet.png,images/original-pairs/before/admin-users-tablet.png,images/original-pairs/after/admin-users-tablet.png
original-pairs,admin-startups,tablet,/home/boh/react-native-dev/bachelor-thesis/.worktrees/t_e3c5bff5/dashboard/qa/baseline-2026-10-09/screenshots/tablet/admin-startups.png,/home/boh/react-native-dev/bachelor-thesis/.worktrees/t_004b1565/dashboard/qa/layout-corrections/after/admin-startups-tablet.png,images/original-pairs/before/admin-startups-tablet.png,images/original-pairs/after/admin-startups-tablet.png
original-pairs,admin-funds,tablet,/home/boh/react-native-dev/bachelor-thesis/.worktrees/t_e3c5bff5/dashboard/qa/baseline-2026-10-09/screenshots/tablet/admin-funds.png,/home/boh/react-native-dev/bachelor-thesis/.worktrees/t_004b1565/dashboard/qa/layout-corrections/after/admin-funds-tablet.png,images/original-pairs/before/admin-funds-tablet.png,images/original-pairs/after/admin-funds-tablet.png
original-pairs,startup-overview,tablet,/home/boh/react-native-dev/bachelor-thesis/.worktrees/t_e3c5bff5/dashboard/qa/baseline-2026-10-09/screenshots/tablet/startup-overview.png,/home/boh/react-native-dev/bachelor-thesis/.worktrees/t_004b1565/dashboard/qa/layout-corrections/after/startup-overview-tablet.png,images/original-pairs/before/startup-overview-tablet.png,images/original-pairs/after/startup-overview-tablet.png
original-pairs,startup-submit,tablet,/home/boh/react-native-dev/bachelor-thesis/.worktrees/t_e3c5bff5/dashboard/qa/baseline-2026-10-09/screenshots/tablet/startup-submit.png,/home/boh/react-native-dev/bachelor-thesis/.worktrees/t_004b1565/dashboard/qa/layout-corrections/after/startup-submit-tablet.png,images/original-pairs/before/startup-submit-tablet.png,images/original-pairs/after/startup-submit-tablet.png
original-pairs,fund-portfolio,tablet,/home/boh/react-native-dev/bachelor-thesis/.worktrees/t_e3c5bff5/dashboard/qa/baseline-2026-10-09/screenshots/tablet/fund-portfolio.png,/home/boh/react-native-dev/bachelor-thesis/.worktrees/t_004b1565/dashboard/qa/layout-corrections/after/fund-portfolio-tablet.png,images/original-pairs/before/fund-portfolio-tablet.png,images/original-pairs/after/fund-portfolio-tablet.png
original-pairs,fund-detail,tablet,/home/boh/react-native-dev/bachelor-thesis/.worktrees/t_e3c5bff5/dashboard/qa/baseline-2026-10-09/screenshots/tablet/fund-startup-detail.png,/home/boh/react-native-dev/bachelor-thesis/.worktrees/t_004b1565/dashboard/qa/layout-corrections/after/fund-detail-tablet.png,images/original-pairs/before/fund-detail-tablet.png,images/original-pairs/after/fund-detail-tablet.png
original-pairs,fund-founders,tablet,/home/boh/react-native-dev/bachelor-thesis/.worktrees/t_e3c5bff5/dashboard/qa/baseline-2026-10-09/screenshots/tablet/fund-founders.png,/home/boh/react-native-dev/bachelor-thesis/.worktrees/t_004b1565/dashboard/qa/layout-corrections/after/fund-founders-tablet.png,images/original-pairs/before/fund-founders-tablet.png,images/original-pairs/after/fund-founders-tablet.png
original-pairs,fund-rating,tablet,/home/boh/react-native-dev/bachelor-thesis/.worktrees/t_e3c5bff5/dashboard/qa/baseline-2026-10-09/screenshots/tablet/fund-rating.png,/home/boh/react-native-dev/bachelor-thesis/.worktrees/t_004b1565/dashboard/qa/layout-corrections/after/fund-rating-tablet.png,images/original-pairs/before/fund-rating-tablet.png,images/original-pairs/after/fund-rating-tablet.png
original-pairs,stakeholder-portfolio,tablet,/home/boh/react-native-dev/bachelor-thesis/.worktrees/t_e3c5bff5/dashboard/qa/baseline-2026-10-09/screenshots/tablet/stakeholder-portfolio.png,/home/boh/react-native-dev/bachelor-thesis/.worktrees/t_004b1565/dashboard/qa/layout-corrections/after/stakeholder-portfolio-tablet.png,images/original-pairs/before/stakeholder-portfolio-tablet.png,images/original-pairs/after/stakeholder-portfolio-tablet.png
original-pairs,emptyfund-portfolio,tablet,/home/boh/react-native-dev/bachelor-thesis/.worktrees/t_e3c5bff5/dashboard/qa/baseline-2026-10-09/screenshots/tablet/emptyfund-portfolio.png,/home/boh/react-native-dev/bachelor-thesis/.worktrees/t_004b1565/dashboard/qa/layout-corrections/after/emptyfund-portfolio-tablet.png,images/original-pairs/before/emptyfund-portfolio-tablet.png,images/original-pairs/after/emptyfund-portfolio-tablet.png
original-pairs,onboarding-startup,tablet,/home/boh/react-native-dev/bachelor-thesis/.worktrees/t_e3c5bff5/dashboard/qa/baseline-2026-10-09/screenshots/tablet/onboarding-startup.png,/home/boh/react-native-dev/bachelor-thesis/.worktrees/t_004b1565/dashboard/qa/layout-corrections/after/onboarding-startup-tablet.png,images/original-pairs/before/onboarding-startup-tablet.png,images/original-pairs/after/onboarding-startup-tablet.png
original-pairs,onboarding-product,tablet,/home/boh/react-native-dev/bachelor-thesis/.worktrees/t_e3c5bff5/dashboard/qa/baseline-2026-10-09/screenshots/tablet/onboarding-product.png,/home/boh/react-native-dev/bachelor-thesis/.worktrees/t_004b1565/dashboard/qa/layout-corrections/after/onboarding-product-tablet.png,images/original-pairs/before/onboarding-product-tablet.png,images/original-pairs/after/onboarding-product-tablet.png
original-pairs,onboarding-questionnaire,tablet,/home/boh/react-native-dev/bachelor-thesis/.worktrees/t_e3c5bff5/dashboard/qa/baseline-2026-10-09/screenshots/tablet/onboarding-questionnaire.png,/home/boh/react-native-dev/bachelor-thesis/.worktrees/t_004b1565/dashboard/qa/layout-corrections/after/onboarding-questionnaire-tablet.png,images/original-pairs/before/onboarding-questionnaire-tablet.png,images/original-pairs/after/onboarding-questionnaire-tablet.png
original-pairs,onboarding-track-record,tablet,/home/boh/react-native-dev/bachelor-thesis/.worktrees/t_e3c5bff5/dashboard/qa/baseline-2026-10-09/screenshots/tablet/onboarding-track-record.png,/home/boh/react-native-dev/bachelor-thesis/.worktrees/t_004b1565/dashboard/qa/layout-corrections/after/onboarding-track-record-tablet.png,images/original-pairs/before/onboarding-track-record-tablet.png,images/original-pairs/after/onboarding-track-record-tablet.png
original-pairs,startup-gantt-year,tablet,/home/boh/react-native-dev/bachelor-thesis/.worktrees/t_e3c5bff5/dashboard/qa/baseline-2026-10-09/screenshots/tablet/startup-gantt-year.png,/home/boh/react-native-dev/bachelor-thesis/.worktrees/t_004b1565/dashboard/qa/layout-corrections/after/startup-gantt-year-tablet.png,images/original-pairs/before/startup-gantt-year-tablet.png,images/original-pairs/after/startup-gantt-year-tablet.png
original-pairs,admin-overview,mobile,/home/boh/react-native-dev/bachelor-thesis/.worktrees/t_e3c5bff5/dashboard/qa/baseline-2026-10-09/screenshots/mobile/admin-overview.png,/home/boh/react-native-dev/bachelor-thesis/.worktrees/t_004b1565/dashboard/qa/layout-corrections/after/admin-overview-mobile.png,images/original-pairs/before/admin-overview-mobile.png,images/original-pairs/after/admin-overview-mobile.png
original-pairs,admin-users,mobile,/home/boh/react-native-dev/bachelor-thesis/.worktrees/t_e3c5bff5/dashboard/qa/baseline-2026-10-09/screenshots/mobile/admin-users.png,/home/boh/react-native-dev/bachelor-thesis/.worktrees/t_004b1565/dashboard/qa/layout-corrections/after/admin-users-mobile.png,images/original-pairs/before/admin-users-mobile.png,images/original-pairs/after/admin-users-mobile.png
original-pairs,admin-startups,mobile,/home/boh/react-native-dev/bachelor-thesis/.worktrees/t_e3c5bff5/dashboard/qa/baseline-2026-10-09/screenshots/mobile/admin-startups.png,/home/boh/react-native-dev/bachelor-thesis/.worktrees/t_004b1565/dashboard/qa/layout-corrections/after/admin-startups-mobile.png,images/original-pairs/before/admin-startups-mobile.png,images/original-pairs/after/admin-startups-mobile.png
original-pairs,admin-funds,mobile,/home/boh/react-native-dev/bachelor-thesis/.worktrees/t_e3c5bff5/dashboard/qa/baseline-2026-10-09/screenshots/mobile/admin-funds.png,/home/boh/react-native-dev/bachelor-thesis/.worktrees/t_004b1565/dashboard/qa/layout-corrections/after/admin-funds-mobile.png,images/original-pairs/before/admin-funds-mobile.png,images/original-pairs/after/admin-funds-mobile.png
original-pairs,startup-overview,mobile,/home/boh/react-native-dev/bachelor-thesis/.worktrees/t_e3c5bff5/dashboard/qa/baseline-2026-10-09/screenshots/mobile/startup-overview.png,/home/boh/react-native-dev/bachelor-thesis/.worktrees/t_004b1565/dashboard/qa/layout-corrections/after/startup-overview-mobile.png,images/original-pairs/before/startup-overview-mobile.png,images/original-pairs/after/startup-overview-mobile.png
original-pairs,startup-submit,mobile,/home/boh/react-native-dev/bachelor-thesis/.worktrees/t_e3c5bff5/dashboard/qa/baseline-2026-10-09/screenshots/mobile/startup-submit.png,/home/boh/react-native-dev/bachelor-thesis/.worktrees/t_004b1565/dashboard/qa/layout-corrections/after/startup-submit-mobile.png,images/original-pairs/before/startup-submit-mobile.png,images/original-pairs/after/startup-submit-mobile.png
original-pairs,fund-portfolio,mobile,/home/boh/react-native-dev/bachelor-thesis/.worktrees/t_e3c5bff5/dashboard/qa/baseline-2026-10-09/screenshots/mobile/fund-portfolio.png,/home/boh/react-native-dev/bachelor-thesis/.worktrees/t_004b1565/dashboard/qa/layout-corrections/after/fund-portfolio-mobile.png,images/original-pairs/before/fund-portfolio-mobile.png,images/original-pairs/after/fund-portfolio-mobile.png
original-pairs,fund-detail,mobile,/home/boh/react-native-dev/bachelor-thesis/.worktrees/t_e3c5bff5/dashboard/qa/baseline-2026-10-09/screenshots/mobile/fund-startup-detail.png,/home/boh/react-native-dev/bachelor-thesis/.worktrees/t_004b1565/dashboard/qa/layout-corrections/after/fund-detail-mobile.png,images/original-pairs/before/fund-detail-mobile.png,images/original-pairs/after/fund-detail-mobile.png
original-pairs,fund-founders,mobile,/home/boh/react-native-dev/bachelor-thesis/.worktrees/t_e3c5bff5/dashboard/qa/baseline-2026-10-09/screenshots/mobile/fund-founders.png,/home/boh/react-native-dev/bachelor-thesis/.worktrees/t_004b1565/dashboard/qa/layout-corrections/after/fund-founders-mobile.png,images/original-pairs/before/fund-founders-mobile.png,images/original-pairs/after/fund-founders-mobile.png
original-pairs,fund-rating,mobile,/home/boh/react-native-dev/bachelor-thesis/.worktrees/t_e3c5bff5/dashboard/qa/baseline-2026-10-09/screenshots/mobile/fund-rating.png,/home/boh/react-native-dev/bachelor-thesis/.worktrees/t_004b1565/dashboard/qa/layout-corrections/after/fund-rating-mobile.png,images/original-pairs/before/fund-rating-mobile.png,images/original-pairs/after/fund-rating-mobile.png
original-pairs,stakeholder-portfolio,mobile,/home/boh/react-native-dev/bachelor-thesis/.worktrees/t_e3c5bff5/dashboard/qa/baseline-2026-10-09/screenshots/mobile/stakeholder-portfolio.png,/home/boh/react-native-dev/bachelor-thesis/.worktrees/t_004b1565/dashboard/qa/layout-corrections/after/stakeholder-portfolio-mobile.png,images/original-pairs/before/stakeholder-portfolio-mobile.png,images/original-pairs/after/stakeholder-portfolio-mobile.png
original-pairs,emptyfund-portfolio,mobile,/home/boh/react-native-dev/bachelor-thesis/.worktrees/t_e3c5bff5/dashboard/qa/baseline-2026-10-09/screenshots/mobile/emptyfund-portfolio.png,/home/boh/react-native-dev/bachelor-thesis/.worktrees/t_004b1565/dashboard/qa/layout-corrections/after/emptyfund-portfolio-mobile.png,images/original-pairs/before/emptyfund-portfolio-mobile.png,images/original-pairs/after/emptyfund-portfolio-mobile.png
original-pairs,onboarding-startup,mobile,/home/boh/react-native-dev/bachelor-thesis/.worktrees/t_e3c5bff5/dashboard/qa/baseline-2026-10-09/screenshots/mobile/onboarding-startup.png,/home/boh/react-native-dev/bachelor-thesis/.worktrees/t_004b1565/dashboard/qa/layout-corrections/after/onboarding-startup-mobile.png,images/original-pairs/before/onboarding-startup-mobile.png,images/original-pairs/after/onboarding-startup-mobile.png
original-pairs,onboarding-product,mobile,/home/boh/react-native-dev/bachelor-thesis/.worktrees/t_e3c5bff5/dashboard/qa/baseline-2026-10-09/screenshots/mobile/onboarding-product.png,/home/boh/react-native-dev/bachelor-thesis/.worktrees/t_004b1565/dashboard/qa/layout-corrections/after/onboarding-product-mobile.png,images/original-pairs/before/onboarding-product-mobile.png,images/original-pairs/after/onboarding-product-mobile.png
original-pairs,onboarding-questionnaire,mobile,/home/boh/react-native-dev/bachelor-thesis/.worktrees/t_e3c5bff5/dashboard/qa/baseline-2026-10-09/screenshots/mobile/onboarding-questionnaire.png,/home/boh/react-native-dev/bachelor-thesis/.worktrees/t_004b1565/dashboard/qa/layout-corrections/after/onboarding-questionnaire-mobile.png,images/original-pairs/before/onboarding-questionnaire-mobile.png,images/original-pairs/after/onboarding-questionnaire-mobile.png
original-pairs,onboarding-track-record,mobile,/home/boh/react-native-dev/bachelor-thesis/.worktrees/t_e3c5bff5/dashboard/qa/baseline-2026-10-09/screenshots/mobile/onboarding-track-record.png,/home/boh/react-native-dev/bachelor-thesis/.worktrees/t_004b1565/dashboard/qa/layout-corrections/after/onboarding-track-record-mobile.png,images/original-pairs/before/onboarding-track-record-mobile.png,images/original-pairs/after/onboarding-track-record-mobile.png
original-pairs,startup-gantt-year,mobile,/home/boh/react-native-dev/bachelor-thesis/.worktrees/t_e3c5bff5/dashboard/qa/baseline-2026-10-09/screenshots/mobile/startup-gantt-year.png,/home/boh/react-native-dev/bachelor-thesis/.worktrees/t_004b1565/dashboard/qa/layout-corrections/after/startup-gantt-year-mobile.png,images/original-pairs/before/startup-gantt-year-mobile.png,images/original-pairs/after/startup-gantt-year-mobile.png
